Workbook

Sheet Regression
A1: P/Q LOG-LOG REGRESSION | D = P × [acid]^Q | 7 experimental points × 26 elements × 2 acid systems (H₂SO₄ loading / HNO₃ stripping)
A2: INPUT | E2: CALC | I2: OUTPUT
A4: LOADING DATA (H₂SO₄ system) | BE4: STRIPPING DATA (HNO₃ system)
A5: Pt# | B5: H₂SO₄ (N) | C5: C_aq Al (ppm) | D5: C_aq Sc (ppm) | E5: C_aq Fe (ppm) | F5: C_aq Co (ppm) | G5: C_aq Zn (ppm) | H5: C_aq Ga (ppm) | I5: C_aq Rb (ppm) | J5: C_aq Y (ppm) | K5: C_aq Zr (ppm) | L5: C_aq La (ppm) | M5: C_aq Ce (ppm) | N5: C_aq Pr (ppm) | O5: C_aq Nd (ppm) | P5: C_aq Sm (ppm) | Q5: C_aq Eu (ppm) | R5: C_aq Gd (ppm) | S5: C_aq Tb (ppm) | T5: C_aq Dy (ppm) | U5: C_aq Ho (ppm) | V5: C_aq Er (ppm) | W5: C_aq Tm (ppm) | X5: C_aq Yb (ppm) | Y5: C_aq Lu (ppm) | Z5: C_aq Hf (ppm) | AA5: C_aq Th (ppm) | AB5: C_aq U (ppm) | AC5: C_org Al (ppm) | AD5: C_org Sc (ppm) | AE5: C_org Fe (ppm) | AF5: C_org Co (ppm) | AG5: C_org Zn (ppm) | AH5: C_org Ga (ppm) | AI5: C_org Rb (ppm) | AJ5: C_org Y (ppm) | AK5: C_org Zr (ppm) | AL5: C_org La (ppm) | AM5: C_org Ce (ppm) | AN5: C_org Pr (ppm) | AO5: C_org Nd (ppm) | AP5: C_org Sm (ppm) | AQ5: C_org Eu (ppm) | AR5: C_org Gd (ppm) | AS5: C_org Tb (ppm) | AT5: C_org Dy (ppm) | AU5: C_org Ho (ppm) | AV5: C_org Er (ppm) | AW5: C_org Tm (ppm) | AX5: C_org Yb (ppm) | AY5: C_org Lu (ppm) | AZ5: C_org Hf (ppm) | BA5: C_org Th (ppm) | BB5: C_org U (ppm) | BE5: Pt# | BF5: HNO₃ (N) | BG5: C_aq Al (ppm) | BH5: C_aq Sc (ppm) | BI5: C_aq Fe (ppm) | BJ5: C_aq Co (ppm) | BK5: C_aq Zn (ppm) | BL5: C_aq Ga (ppm) | BM5: C_aq Rb (ppm) | BN5: C_aq Y (ppm) | BO5: C_aq Zr (ppm) | BP5: C_aq La (ppm) | BQ5: C_aq Ce (ppm) | BR5: C_aq Pr (ppm) | BS5: C_aq Nd (ppm) | BT5: C_aq Sm (ppm) | BU5: C_aq Eu (ppm) | BV5: C_aq Gd (ppm) | BW5: C_aq Tb (ppm) | BX5: C_aq Dy (ppm) | BY5: C_aq Ho (ppm) | BZ5: C_aq Er (ppm) | CA5: C_aq Tm (ppm) | CB5: C_aq Yb (ppm) | CC5: C_aq Lu (ppm) | CD5: C_aq Hf (ppm) | CE5: C_aq Th (ppm) | CF5: C_aq U (ppm) | CG5: C_org Al (ppm) | CH5: C_org Sc (ppm) | CI5: C_org Fe (ppm) | CJ5: C_org Co (ppm) | CK5: C_org Zn (ppm) | CL5: C_org Ga (ppm) | CM5: C_org Rb (ppm) | CN5: C_org Y (ppm) | CO5: C_org Zr (ppm) | CP5: C_org La (ppm) | CQ5: C_org Ce (ppm) | CR5: C_org Pr (ppm) | CS5: C_org Nd (ppm) | CT5: C_org Sm (ppm) | CU5: C_org Eu (ppm) | CV5: C_org Gd (ppm) | CW5: C_org Tb (ppm) | CX5: C_org Dy (ppm) | CY5: C_org Ho (ppm) | CZ5: C_org Er (ppm) | DA5: C_org Tm (ppm) | DB5: C_org Yb (ppm) | DC5: C_org Lu (ppm) | DD5: C_org Hf (ppm) | DE5: C_org Th (ppm) | DF5: C_org U (ppm)
A6: 1 | BE6: 1
A7: 2 | BE7: 2
A8: 3 | BE8: 3
A9: 4 | BE9: 4
A10: 5 | BE10: 5
A11: 6 | BE11: 6
A12: 7 | BE12: 7
A14: D VALUES (C_org / C_aq) — Loading | BE14: D VALUES (C_org / C_aq) — Stripping
A15: Pt# | B15: D_Al | C15: D_Sc | D15: D_Fe | E15: D_Co | F15: D_Zn | G15: D_Ga | H15: D_Rb | I15: D_Y | J15: D_Zr | K15: D_La | L15: D_Ce | M15: D_Pr | N15: D_Nd | O15: D_Sm | P15: D_Eu | Q15: D_Gd | R15: D_Tb | S15: D_Dy | T15: D_Ho | U15: D_Er | V15: D_Tm | W15: D_Yb | X15: D_Lu | Y15: D_Hf | Z15: D_Th | AA15: D_U | BE15: Pt# | BF15: D_Al | BG15: D_Sc | BH15: D_Fe | BI15: D_Co | BJ15: D_Zn | BK15: D_Ga | BL15: D_Rb | BM15: D_Y | BN15: D_Zr | BO15: D_La | BP15: D_Ce | BQ15: D_Pr | BR15: D_Nd | BS15: D_Sm | BT15: D_Eu | BU15: D_Gd | BV15: D_Tb | BW15: D_Dy | BX15: D_Ho | BY15: D_Er | BZ15: D_Tm | CA15: D_Yb | CB15: D_Lu | CC15: D_Hf | CD15: D_Th | CE15: D_U
A16: 1 | B16: =IFERROR(IF(OR(C6="",AC6="",VALUE(C6)=0),"",AC6/C6),"N/A") | C16: =IFERROR(IF(OR(D6="",AD6="",VALUE(D6)=0),"",AD6/D6),"N/A") | D16: =IFERROR(IF(OR(E6="",AE6="",VALUE(E6)=0),"",AE6/E6),"N/A") | E16: =IFERROR(IF(OR(F6="",AF6="",VALUE(F6)=0),"",AF6/F6),"N/A") | F16: =IFERROR(IF(OR(G6="",AG6="",VALUE(G6)=0),"",AG6/G6),"N/A") | G16: =IFERROR(IF(OR(H6="",AH6="",VALUE(H6)=0),"",AH6/H6),"N/A") | H16: =IFERROR(IF(OR(I6="",AI6="",VALUE(I6)=0),"",AI6/I6),"N/A") | I16: =IFERROR(IF(OR(J6="",AJ6="",VALUE(J6)=0),"",AJ6/J6),"N/A") | ... AA16: =IFERROR(IF(OR(AB6="",BB6="",VALUE(AB6)=0),"",BB6/AB6),"N/A") | BE16: 1 | BF16: =IFERROR(IF(OR(BG6="",CG6="",VALUE(BG6)=0),"",CG6/BG6),"N/A") | BG16: =IFERROR(IF(OR(BH6="",CH6="",VALUE(BH6)=0),"",CH6/BH6),"N/A") | BH16: =IFERROR(IF(OR(BI6="",CI6="",VALUE(BI6)=0),"",CI6/BI6),"N/A") | BI16: =IFERROR(IF(OR(BJ6="",CJ6="",VALUE(BJ6)=0),"",CJ6/BJ6),"N/A") | BJ16: =IFERROR(IF(OR(BK6="",CK6="",VALUE(BK6)=0),"",CK6/BK6),"N/A") | BK16: =IFERROR(IF(OR(BL6="",CL6="",VALUE(BL6)=0),"",CL6/BL6),"N/A") | BL16: =IFERROR(IF(OR(BM6="",CM6="",VALUE(BM6)=0),"",CM6/BM6),"N/A") | BM16: =IFERROR(IF(OR(BN6="",CN6="",VALUE(BN6)=0),"",CN6/BN6),"N/A") | ... CE16: =IFERROR(IF(OR(CF6="",DF6="",VALUE(CF6)=0),"",DF6/CF6),"N/A")
A17: 2 | B17: =IFERROR(IF(OR(C7="",AC7="",VALUE(C7)=0),"",AC7/C7),"N/A") | C17: =IFERROR(IF(OR(D7="",AD7="",VALUE(D7)=0),"",AD7/D7),"N/A") | D17: =IFERROR(IF(OR(E7="",AE7="",VALUE(E7)=0),"",AE7/E7),"N/A") | E17: =IFERROR(IF(OR(F7="",AF7="",VALUE(F7)=0),"",AF7/F7),"N/A") | F17: =IFERROR(IF(OR(G7="",AG7="",VALUE(G7)=0),"",AG7/G7),"N/A") | G17: =IFERROR(IF(OR(H7="",AH7="",VALUE(H7)=0),"",AH7/H7),"N/A") | H17: =IFERROR(IF(OR(I7="",AI7="",VALUE(I7)=0),"",AI7/I7),"N/A") | I17: =IFERROR(IF(OR(J7="",AJ7="",VALUE(J7)=0),"",AJ7/J7),"N/A") | ... AA17: =IFERROR(IF(OR(AB7="",BB7="",VALUE(AB7)=0),"",BB7/AB7),"N/A") | BE17: 2 | BF17: =IFERROR(IF(OR(BG7="",CG7="",VALUE(BG7)=0),"",CG7/BG7),"N/A") | BG17: =IFERROR(IF(OR(BH7="",CH7="",VALUE(BH7)=0),"",CH7/BH7),"N/A") | BH17: =IFERROR(IF(OR(BI7="",CI7="",VALUE(BI7)=0),"",CI7/BI7),"N/A") | BI17: =IFERROR(IF(OR(BJ7="",CJ7="",VALUE(BJ7)=0),"",CJ7/BJ7),"N/A") | BJ17: =IFERROR(IF(OR(BK7="",CK7="",VALUE(BK7)=0),"",CK7/BK7),"N/A") | BK17: =IFERROR(IF(OR(BL7="",CL7="",VALUE(BL7)=0),"",CL7/BL7),"N/A") | BL17: =IFERROR(IF(OR(BM7="",CM7="",VALUE(BM7)=0),"",CM7/BM7),"N/A") | BM17: =IFERROR(IF(OR(BN7="",CN7="",VALUE(BN7)=0),"",CN7/BN7),"N/A") | ... CE17: =IFERROR(IF(OR(CF7="",DF7="",VALUE(CF7)=0),"",DF7/CF7),"N/A")
A18: 3 | B18: =IFERROR(IF(OR(C8="",AC8="",VALUE(C8)=0),"",AC8/C8),"N/A") | C18: =IFERROR(IF(OR(D8="",AD8="",VALUE(D8)=0),"",AD8/D8),"N/A") | D18: =IFERROR(IF(OR(E8="",AE8="",VALUE(E8)=0),"",AE8/E8),"N/A") | E18: =IFERROR(IF(OR(F8="",AF8="",VALUE(F8)=0),"",AF8/F8),"N/A") | F18: =IFERROR(IF(OR(G8="",AG8="",VALUE(G8)=0),"",AG8/G8),"N/A") | G18: =IFERROR(IF(OR(H8="",AH8="",VALUE(H8)=0),"",AH8/H8),"N/A") | H18: =IFERROR(IF(OR(I8="",AI8="",VALUE(I8)=0),"",AI8/I8),"N/A") | I18: =IFERROR(IF(OR(J8="",AJ8="",VALUE(J8)=0),"",AJ8/J8),"N/A") | ... AA18: =IFERROR(IF(OR(AB8="",BB8="",VALUE(AB8)=0),"",BB8/AB8),"N/A") | BE18: 3 | BF18: =IFERROR(IF(OR(BG8="",CG8="",VALUE(BG8)=0),"",CG8/BG8),"N/A") | BG18: =IFERROR(IF(OR(BH8="",CH8="",VALUE(BH8)=0),"",CH8/BH8),"N/A") | BH18: =IFERROR(IF(OR(BI8="",CI8="",VALUE(BI8)=0),"",CI8/BI8),"N/A") | BI18: =IFERROR(IF(OR(BJ8="",CJ8="",VALUE(BJ8)=0),"",CJ8/BJ8),"N/A") | BJ18: =IFERROR(IF(OR(BK8="",CK8="",VALUE(BK8)=0),"",CK8/BK8),"N/A") | BK18: =IFERROR(IF(OR(BL8="",CL8="",VALUE(BL8)=0),"",CL8/BL8),"N/A") | BL18: =IFERROR(IF(OR(BM8="",CM8="",VALUE(BM8)=0),"",CM8/BM8),"N/A") | BM18: =IFERROR(IF(OR(BN8="",CN8="",VALUE(BN8)=0),"",CN8/BN8),"N/A") | ... CE18: =IFERROR(IF(OR(CF8="",DF8="",VALUE(CF8)=0),"",DF8/CF8),"N/A")
A19: 4 | B19: =IFERROR(IF(OR(C9="",AC9="",VALUE(C9)=0),"",AC9/C9),"N/A") | C19: =IFERROR(IF(OR(D9="",AD9="",VALUE(D9)=0),"",AD9/D9),"N/A") | D19: =IFERROR(IF(OR(E9="",AE9="",VALUE(E9)=0),"",AE9/E9),"N/A") | E19: =IFERROR(IF(OR(F9="",AF9="",VALUE(F9)=0),"",AF9/F9),"N/A") | F19: =IFERROR(IF(OR(G9="",AG9="",VALUE(G9)=0),"",AG9/G9),"N/A") | G19: =IFERROR(IF(OR(H9="",AH9="",VALUE(H9)=0),"",AH9/H9),"N/A") | H19: =IFERROR(IF(OR(I9="",AI9="",VALUE(I9)=0),"",AI9/I9),"N/A") | I19: =IFERROR(IF(OR(J9="",AJ9="",VALUE(J9)=0),"",AJ9/J9),"N/A") | ... AA19: =IFERROR(IF(OR(AB9="",BB9="",VALUE(AB9)=0),"",BB9/AB9),"N/A") | BE19: 4 | BF19: =IFERROR(IF(OR(BG9="",CG9="",VALUE(BG9)=0),"",CG9/BG9),"N/A") | BG19: =IFERROR(IF(OR(BH9="",CH9="",VALUE(BH9)=0),"",CH9/BH9),"N/A") | BH19: =IFERROR(IF(OR(BI9="",CI9="",VALUE(BI9)=0),"",CI9/BI9),"N/A") | BI19: =IFERROR(IF(OR(BJ9="",CJ9="",VALUE(BJ9)=0),"",CJ9/BJ9),"N/A") | BJ19: =IFERROR(IF(OR(BK9="",CK9="",VALUE(BK9)=0),"",CK9/BK9),"N/A") | BK19: =IFERROR(IF(OR(BL9="",CL9="",VALUE(BL9)=0),"",CL9/BL9),"N/A") | BL19: =IFERROR(IF(OR(BM9="",CM9="",VALUE(BM9)=0),"",CM9/BM9),"N/A") | BM19: =IFERROR(IF(OR(BN9="",CN9="",VALUE(BN9)=0),"",CN9/BN9),"N/A") | ... CE19: =IFERROR(IF(OR(CF9="",DF9="",VALUE(CF9)=0),"",DF9/CF9),"N/A")
A20: 5 | B20: =IFERROR(IF(OR(C10="",AC10="",VALUE(C10)=0),"",AC10/C10),"N/A") | C20: =IFERROR(IF(OR(D10="",AD10="",VALUE(D10)=0),"",AD10/D10),"N/A") | D20: =IFERROR(IF(OR(E10="",AE10="",VALUE(E10)=0),"",AE10/E10),"N/A") | E20: =IFERROR(IF(OR(F10="",AF10="",VALUE(F10)=0),"",AF10/F10),"N/A") | F20: =IFERROR(IF(OR(G10="",AG10="",VALUE(G10)=0),"",AG10/G10),"N/A") | G20: =IFERROR(IF(OR(H10="",AH10="",VALUE(H10)=0),"",AH10/H10),"N/A") | H20: =IFERROR(IF(OR(I10="",AI10="",VALUE(I10)=0),"",AI10/I10),"N/A") | I20: =IFERROR(IF(OR(J10="",AJ10="",VALUE(J10)=0),"",AJ10/J10),"N/A") | ... AA20: =IFERROR(IF(OR(AB10="",BB10="",VALUE(AB10)=0),"",BB10/AB10),"N/A") | BE20: 5 | BF20: =IFERROR(IF(OR(BG10="",CG10="",VALUE(BG10)=0),"",CG10/BG10),"N/A") | BG20: =IFERROR(IF(OR(BH10="",CH10="",VALUE(BH10)=0),"",CH10/BH10),"N/A") | BH20: =IFERROR(IF(OR(BI10="",CI10="",VALUE(BI10)=0),"",CI10/BI10),"N/A") | BI20: =IFERROR(IF(OR(BJ10="",CJ10="",VALUE(BJ10)=0),"",CJ10/BJ10),"N/A") | BJ20: =IFERROR(IF(OR(BK10="",CK10="",VALUE(BK10)=0),"",CK10/BK10),"N/A") | BK20: =IFERROR(IF(OR(BL10="",CL10="",VALUE(BL10)=0),"",CL10/BL10),"N/A") | BL20: =IFERROR(IF(OR(BM10="",CM10="",VALUE(BM10)=0),"",CM10/BM10),"N/A") | BM20: =IFERROR(IF(OR(BN10="",CN10="",VALUE(BN10)=0),"",CN10/BN10),"N/A") | ... CE20: =IFERROR(IF(OR(CF10="",DF10="",VALUE(CF10)=0),"",DF10/CF10),"N/A")
A21: 6 | B21: =IFERROR(IF(OR(C11="",AC11="",VALUE(C11)=0),"",AC11/C11),"N/A") | C21: =IFERROR(IF(OR(D11="",AD11="",VALUE(D11)=0),"",AD11/D11),"N/A") | D21: =IFERROR(IF(OR(E11="",AE11="",VALUE(E11)=0),"",AE11/E11),"N/A") | E21: =IFERROR(IF(OR(F11="",AF11="",VALUE(F11)=0),"",AF11/F11),"N/A") | F21: =IFERROR(IF(OR(G11="",AG11="",VALUE(G11)=0),"",AG11/G11),"N/A") | G21: =IFERROR(IF(OR(H11="",AH11="",VALUE(H11)=0),"",AH11/H11),"N/A") | H21: =IFERROR(IF(OR(I11="",AI11="",VALUE(I11)=0),"",AI11/I11),"N/A") | I21: =IFERROR(IF(OR(J11="",AJ11="",VALUE(J11)=0),"",AJ11/J11),"N/A") | ... AA21: =IFERROR(IF(OR(AB11="",BB11="",VALUE(AB11)=0),"",BB11/AB11),"N/A") | BE21: 6 | BF21: =IFERROR(IF(OR(BG11="",CG11="",VALUE(BG11)=0),"",CG11/BG11),"N/A") | BG21: =IFERROR(IF(OR(BH11="",CH11="",VALUE(BH11)=0),"",CH11/BH11),"N/A") | BH21: =IFERROR(IF(OR(BI11="",CI11="",VALUE(BI11)=0),"",CI11/BI11),"N/A") | BI21: =IFERROR(IF(OR(BJ11="",CJ11="",VALUE(BJ11)=0),"",CJ11/BJ11),"N/A") | BJ21: =IFERROR(IF(OR(BK11="",CK11="",VALUE(BK11)=0),"",CK11/BK11),"N/A") | BK21: =IFERROR(IF(OR(BL11="",CL11="",VALUE(BL11)=0),"",CL11/BL11),"N/A") | BL21: =IFERROR(IF(OR(BM11="",CM11="",VALUE(BM11)=0),"",CM11/BM11),"N/A") | BM21: =IFERROR(IF(OR(BN11="",CN11="",VALUE(BN11)=0),"",CN11/BN11),"N/A") | ... CE21: =IFERROR(IF(OR(CF11="",DF11="",VALUE(CF11)=0),"",DF11/CF11),"N/A")
A22: 7 | B22: =IFERROR(IF(OR(C12="",AC12="",VALUE(C12)=0),"",AC12/C12),"N/A") | C22: =IFERROR(IF(OR(D12="",AD12="",VALUE(D12)=0),"",AD12/D12),"N/A") | D22: =IFERROR(IF(OR(E12="",AE12="",VALUE(E12)=0),"",AE12/E12),"N/A") | E22: =IFERROR(IF(OR(F12="",AF12="",VALUE(F12)=0),"",AF12/F12),"N/A") | F22: =IFERROR(IF(OR(G12="",AG12="",VALUE(G12)=0),"",AG12/G12),"N/A") | G22: =IFERROR(IF(OR(H12="",AH12="",VALUE(H12)=0),"",AH12/H12),"N/A") | H22: =IFERROR(IF(OR(I12="",AI12="",VALUE(I12)=0),"",AI12/I12),"N/A") | I22: =IFERROR(IF(OR(J12="",AJ12="",VALUE(J12)=0),"",AJ12/J12),"N/A") | ... AA22: =IFERROR(IF(OR(AB12="",BB12="",VALUE(AB12)=0),"",BB12/AB12),"N/A") | BE22: 7 | BF22: =IFERROR(IF(OR(BG12="",CG12="",VALUE(BG12)=0),"",CG12/BG12),"N/A") | BG22: =IFERROR(IF(OR(BH12="",CH12="",VALUE(BH12)=0),"",CH12/BH12),"N/A") | BH22: =IFERROR(IF(OR(BI12="",CI12="",VALUE(BI12)=0),"",CI12/BI12),"N/A") | BI22: =IFERROR(IF(OR(BJ12="",CJ12="",VALUE(BJ12)=0),"",CJ12/BJ12),"N/A") | BJ22: =IFERROR(IF(OR(BK12="",CK12="",VALUE(BK12)=0),"",CK12/BK12),"N/A") | BK22: =IFERROR(IF(OR(BL12="",CL12="",VALUE(BL12)=0),"",CL12/BL12),"N/A") | BL22: =IFERROR(IF(OR(BM12="",CM12="",VALUE(BM12)=0),"",CM12/BM12),"N/A") | BM22: =IFERROR(IF(OR(BN12="",CN12="",VALUE(BN12)=0),"",CN12/BN12),"N/A") | ... CE22: =IFERROR(IF(OR(CF12="",DF12="",VALUE(CF12)=0),"",DF12/CF12),"N/A")
A24: REGRESSION SUMMARY (n=7 points per element per acid system)
A25: Element | B25: n_valid | C25: P_load | D25: Q_load | E25: R²_load | F25: R²adj_load | G25: SE_Q_load | H25: P_strip | I25: Q_strip | J25: R²_strip | K25: R²adj_strip | L25: SE_Q_strip | M25: Notes
A26: Al | B26: =SUMPRODUCT((ISNUMBER(B16:B22)*1)) | C26: =IFERROR(IF(SUMPRODUCT(ISNUMBER(B16:B22)*1)<2,"Need≥2",EXP(INTERCEPT(IF(ISNUMBER(B16:B22),LN(B16:B22),FALSE),IF(ISNUMBER(B16:B22),LN(B6:B12),FALSE)))),"N/A") | D26: =IFERROR(IF(SUMPRODUCT(ISNUMBER(B16:B22)*1)<2,"Need≥2",SLOPE(IF(ISNUMBER(B16:B22),LN(B16:B22),FALSE),IF(ISNUMBER(B16:B22),LN(B6:B12),FALSE))),"N/A") | E26: =IFERROR(IF(SUMPRODUCT(ISNUMBER(B16:B22)*1)<2,"Need≥2",RSQ(IF(ISNUMBER(B16:B22),LN(B16:B22),FALSE),IF(ISNUMBER(B16:B22),LN(B6:B12),FALSE))),"N/A") | F26: =IFERROR(IF(SUMPRODUCT(ISNUMBER(B16:B22)*1)<3,"Need≥3",1-(1-(IFERROR(IF(SUMPRODUCT(ISNUMBER(B16:B22)*1)<2,"Need≥2",RSQ(IF(ISNUMBER(B16:B22),LN(B16:B22),FALSE),IF(ISNUMBER(B16:B22),LN(B6:B12),FALSE))),"N/A")))*(B26-1)/(B26-2)),"N/A") | G26: =IFERROR(IF(SUMPRODUCT(ISNUMBER(B16:B22)*1)<3,"Need≥3",SQRT((1-(IFERROR(IF(SUMPRODUCT(ISNUMBER(B16:B22)*1)<2,"Need≥2",RSQ(IF(ISNUMBER(B16:B22),LN(B16:B22),FALSE),IF(ISNUMBER(B16:B22),LN(B6:B12),FALSE))),"N/A")))*VAR(IF(ISNUMBER(B16:B22),LN(B16:B22),FALSE))/((B26-2)*VAR(IF(ISNUMBER(B16:B22),LN(B6:B12),FALSE))))),"N/A") | H26: =IFERROR(IF(SUMPRODUCT(ISNUMBER(BF16:BF22)*1)<2,"Need≥2",EXP(INTERCEPT(IF(ISNUMBER(BF16:BF22),LN(BF16:BF22),FALSE),IF(ISNUMBER(BF16:BF22),LN(BF6:BF12),FALSE)))),"N/A") | I26: =IFERROR(IF(SUMPRODUCT(ISNUMBER(BF16:BF22)*1)<2,"Need≥2",SLOPE(IF(ISNUMBER(BF16:BF22),LN(BF16:BF22),FALSE),IF(ISNUMBER(BF16:BF22),LN(BF6:BF12),FALSE))),"N/A") | J26: =IFERROR(IF(SUMPRODUCT(ISNUMBER(BF16:BF22)*1)<2,"Need≥2",RSQ(IF(ISNUMBER(BF16:BF22),LN(BF16:BF22),FALSE),IF(ISNUMBER(BF16:BF22),LN(BF6:BF12),FALSE))),"N/A") | K26: =IFERROR(IF(SUMPRODUCT(ISNUMBER(BF16:BF22)*1)<3,"Need≥3",1-(1-(IFERROR(IF(SUMPRODUCT(ISNUMBER(BF16:BF22)*1)<2,"Need≥2",RSQ(IF(ISNUMBER(BF16:BF22),LN(BF16:BF22),FALSE),IF(ISNUMBER(BF16:BF22),LN(BF6:BF12),FALSE))),"N/A")))*(B26-1)/(B26-2)),"N/A") | L26: =IFERROR(IF(SUMPRODUCT(ISNUMBER(BF16:BF22)*1)<3,"Need≥3",SQRT((1-(IFERROR(IF(SUMPRODUCT(ISNUMBER(BF16:BF22)*1)<2,"Need≥2",RSQ(IF(ISNUMBER(BF16:BF22),LN(BF16:BF22),FALSE),IF(ISNUMBER(BF16:BF22),LN(BF6:BF12),FALSE))),"N/A")))*VAR(IF(ISNUMBER(BF16:BF22),LN(BF16:BF22),FALSE))/((B26-2)*VAR(IF(ISNUMBER(BF16:BF22),LN(BF6:BF12),FALSE))))),"N/A") | M26: =IF(ISNUMBER(F26),IF(F26<0.85,"⚠ Check fit","OK"),"")
A27: Sc | B27: =SUMPRODUCT((ISNUMBER(C16:C22)*1)) | C27: =IFERROR(IF(SUMPRODUCT(ISNUMBER(C16:C22)*1)<2,"Need≥2",EXP(INTERCEPT(IF(ISNUMBER(C16:C22),LN(C16:C22),FALSE),IF(ISNUMBER(C16:C22),LN(B6:B12),FALSE)))),"N/A") | D27: =IFERROR(IF(SUMPRODUCT(ISNUMBER(C16:C22)*1)<2,"Need≥2",SLOPE(IF(ISNUMBER(C16:C22),LN(C16:C22),FALSE),IF(ISNUMBER(C16:C22),LN(B6:B12),FALSE))),"N/A") | E27: =IFERROR(IF(SUMPRODUCT(ISNUMBER(C16:C22)*1)<2,"Need≥2",RSQ(IF(ISNUMBER(C16:C22),LN(C16:C22),FALSE),IF(ISNUMBER(C16:C22),LN(B6:B12),FALSE))),"N/A") | F27: =IFERROR(IF(SUMPRODUCT(ISNUMBER(C16:C22)*1)<3,"Need≥3",1-(1-(IFERROR(IF(SUMPRODUCT(ISNUMBER(C16:C22)*1)<2,"Need≥2",RSQ(IF(ISNUMBER(C16:C22),LN(C16:C22),FALSE),IF(ISNUMBER(C16:C22),LN(B6:B12),FALSE))),"N/A")))*(B27-1)/(B27-2)),"N/A") | G27: =IFERROR(IF(SUMPRODUCT(ISNUMBER(C16:C22)*1)<3,"Need≥3",SQRT((1-(IFERROR(IF(SUMPRODUCT(ISNUMBER(C16:C22)*1)<2,"Need≥2",RSQ(IF(ISNUMBER(C16:C22),LN(C16:C22),FALSE),IF(ISNUMBER(C16:C22),LN(B6:B12),FALSE))),"N/A")))*VAR(IF(ISNUMBER(C16:C22),LN(C16:C22),FALSE))/((B27-2)*VAR(IF(ISNUMBER(C16:C22),LN(B6:B12),FALSE))))),"N/A") | H27: =IFERROR(IF(SUMPRODUCT(ISNUMBER(BG16:BG22)*1)<2,"Need≥2",EXP(INTERCEPT(IF(ISNUMBER(BG16:BG22),LN(BG16:BG22),FALSE),IF(ISNUMBER(BG16:BG22),LN(BF6:BF12),FALSE)))),"N/A") | I27: =IFERROR(IF(SUMPRODUCT(ISNUMBER(BG16:BG22)*1)<2,"Need≥2",SLOPE(IF(ISNUMBER(BG16:BG22),LN(BG16:BG22),FALSE),IF(ISNUMBER(BG16:BG22),LN(BF6:BF12),FALSE))),"N/A") | J27: =IFERROR(IF(SUMPRODUCT(ISNUMBER(BG16:BG22)*1)<2,"Need≥2",RSQ(IF(ISNUMBER(BG16:BG22),LN(BG16:BG22),FALSE),IF(ISNUMBER(BG16:BG22),LN(BF6:BF12),FALSE))),"N/A") | K27: =IFERROR(IF(SUMPRODUCT(ISNUMBER(BG16:BG22)*1)<3,"Need≥3",1-(1-(IFERROR(IF(SUMPRODUCT(ISNUMBER(BG16:BG22)*1)<2,"Need≥2",RSQ(IF(ISNUMBER(BG16:BG22),LN(BG16:BG22),FALSE),IF(ISNUMBER(BG16:BG22),LN(BF6:BF12),FALSE))),"N/A")))*(B27-1)/(B27-2)),"N/A") | L27: =IFERROR(IF(SUMPRODUCT(ISNUMBER(BG16:BG22)*1)<3,"Need≥3",SQRT((1-(IFERROR(IF(SUMPRODUCT(ISNUMBER(BG16:BG22)*1)<2,"Need≥2",RSQ(IF(ISNUMBER(BG16:BG22),LN(BG16:BG22),FALSE),IF(ISNUMBER(BG16:BG22),LN(BF6:BF12),FALSE))),"N/A")))*VAR(IF(ISNUMBER(BG16:BG22),LN(BG16:BG22),FALSE))/((B27-2)*VAR(IF(ISNUMBER(BG16:BG22),LN(BF6:BF12),FALSE))))),"N/A") | M27: =IF(ISNUMBER(F27),IF(F27<0.85,"⚠ Check fit","OK"),"")
A28: Fe | B28: =SUMPRODUCT((ISNUMBER(D16:D22)*1)) | C28: =IFERROR(IF(SUMPRODUCT(ISNUMBER(D16:D22)*1)<2,"Need≥2",EXP(INTERCEPT(IF(ISNUMBER(D16:D22),LN(D16:D22),FALSE),IF(ISNUMBER(D16:D22),LN(B6:B12),FALSE)))),"N/A") | D28: =IFERROR(IF(SUMPRODUCT(ISNUMBER(D16:D22)*1)<2,"Need≥2",SLOPE(IF(ISNUMBER(D16:D22),LN(D16:D22),FALSE),IF(ISNUMBER(D16:D22),LN(B6:B12),FALSE))),"N/A") | E28: =IFERROR(IF(SUMPRODUCT(ISNUMBER(D16:D22)*1)<2,"Need≥2",RSQ(IF(ISNUMBER(D16:D22),LN(D16:D22),FALSE),IF(ISNUMBER(D16:D22),LN(B6:B12),FALSE))),"N/A") | F28: =IFERROR(IF(SUMPRODUCT(ISNUMBER(D16:D22)*1)<3,"Need≥3",1-(1-(IFERROR(IF(SUMPRODUCT(ISNUMBER(D16:D22)*1)<2,"Need≥2",RSQ(IF(ISNUMBER(D16:D22),LN(D16:D22),FALSE),IF(ISNUMBER(D16:D22),LN(B6:B12),FALSE))),"N/A")))*(B28-1)/(B28-2)),"N/A") | G28: =IFERROR(IF(SUMPRODUCT(ISNUMBER(D16:D22)*1)<3,"Need≥3",SQRT((1-(IFERROR(IF(SUMPRODUCT(ISNUMBER(D16:D22)*1)<2,"Need≥2",RSQ(IF(ISNUMBER(D16:D22),LN(D16:D22),FALSE),IF(ISNUMBER(D16:D22),LN(B6:B12),FALSE))),"N/A")))*VAR(IF(ISNUMBER(D16:D22),LN(D16:D22),FALSE))/((B28-2)*VAR(IF(ISNUMBER(D16:D22),LN(B6:B12),FALSE))))),"N/A") | H28: =IFERROR(IF(SUMPRODUCT(ISNUMBER(BH16:BH22)*1)<2,"Need≥2",EXP(INTERCEPT(IF(ISNUMBER(BH16:BH22),LN(BH16:BH22),FALSE),IF(ISNUMBER(BH16:BH22),LN(BF6:BF12),FALSE)))),"N/A") | I28: =IFERROR(IF(SUMPRODUCT(ISNUMBER(BH16:BH22)*1)<2,"Need≥2",SLOPE(IF(ISNUMBER(BH16:BH22),LN(BH16:BH22),FALSE),IF(ISNUMBER(BH16:BH22),LN(BF6:BF12),FALSE))),"N/A") | J28: =IFERROR(IF(SUMPRODUCT(ISNUMBER(BH16:BH22)*1)<2,"Need≥2",RSQ(IF(ISNUMBER(BH16:BH22),LN(BH16:BH22),FALSE),IF(ISNUMBER(BH16:BH22),LN(BF6:BF12),FALSE))),"N/A") | K28: =IFERROR(IF(SUMPRODUCT(ISNUMBER(BH16:BH22)*1)<3,"Need≥3",1-(1-(IFERROR(IF(SUMPRODUCT(ISNUMBER(BH16:BH22)*1)<2,"Need≥2",RSQ(IF(ISNUMBER(BH16:BH22),LN(BH16:BH22),FALSE),IF(ISNUMBER(BH16:BH22),LN(BF6:BF12),FALSE))),"N/A")))*(B28-1)/(B28-2)),"N/A") | L28: =IFERROR(IF(SUMPRODUCT(ISNUMBER(BH16:BH22)*1)<3,"Need≥3",SQRT((1-(IFERROR(IF(SUMPRODUCT(ISNUMBER(BH16:BH22)*1)<2,"Need≥2",RSQ(IF(ISNUMBER(BH16:BH22),LN(BH16:BH22),FALSE),IF(ISNUMBER(BH16:BH22),LN(BF6:BF12),FALSE))),"N/A")))*VAR(IF(ISNUMBER(BH16:BH22),LN(BH16:BH22),FALSE))/((B28-2)*VAR(IF(ISNUMBER(BH16:BH22),LN(BF6:BF12),FALSE))))),"N/A") | M28: =IF(ISNUMBER(F28),IF(F28<0.85,"⚠ Check fit","OK"),"")
A29: Co | B29: =SUMPRODUCT((ISNUMBER(E16:E22)*1)) | C29: =IFERROR(IF(SUMPRODUCT(ISNUMBER(E16:E22)*1)<2,"Need≥2",EXP(INTERCEPT(IF(ISNUMBER(E16:E22),LN(E16:E22),FALSE),IF(ISNUMBER(E16:E22),LN(B6:B12),FALSE)))),"N/A") | D29: =IFERROR(IF(SUMPRODUCT(ISNUMBER(E16:E22)*1)<2,"Need≥2",SLOPE(IF(ISNUMBER(E16:E22),LN(E16:E22),FALSE),IF(ISNUMBER(E16:E22),LN(B6:B12),FALSE))),"N/A") | E29: =IFERROR(IF(SUMPRODUCT(ISNUMBER(E16:E22)*1)<2,"Need≥2",RSQ(IF(ISNUMBER(E16:E22),LN(E16:E22),FALSE),IF(ISNUMBER(E16:E22),LN(B6:B12),FALSE))),"N/A") | F29: =IFERROR(IF(SUMPRODUCT(ISNUMBER(E16:E22)*1)<3,"Need≥3",1-(1-(IFERROR(IF(SUMPRODUCT(ISNUMBER(E16:E22)*1)<2,"Need≥2",RSQ(IF(ISNUMBER(E16:E22),LN(E16:E22),FALSE),IF(ISNUMBER(E16:E22),LN(B6:B12),FALSE))),"N/A")))*(B29-1)/(B29-2)),"N/A") | G29: =IFERROR(IF(SUMPRODUCT(ISNUMBER(E16:E22)*1)<3,"Need≥3",SQRT((1-(IFERROR(IF(SUMPRODUCT(ISNUMBER(E16:E22)*1)<2,"Need≥2",RSQ(IF(ISNUMBER(E16:E22),LN(E16:E22),FALSE),IF(ISNUMBER(E16:E22),LN(B6:B12),FALSE))),"N/A")))*VAR(IF(ISNUMBER(E16:E22),LN(E16:E22),FALSE))/((B29-2)*VAR(IF(ISNUMBER(E16:E22),LN(B6:B12),FALSE))))),"N/A") | H29: =IFERROR(IF(SUMPRODUCT(ISNUMBER(BI16:BI22)*1)<2,"Need≥2",EXP(INTERCEPT(IF(ISNUMBER(BI16:BI22),LN(BI16:BI22),FALSE),IF(ISNUMBER(BI16:BI22),LN(BF6:BF12),FALSE)))),"N/A") | I29: =IFERROR(IF(SUMPRODUCT(ISNUMBER(BI16:BI22)*1)<2,"Need≥2",SLOPE(IF(ISNUMBER(BI16:BI22),LN(BI16:BI22),FALSE),IF(ISNUMBER(BI16:BI22),LN(BF6:BF12),FALSE))),"N/A") | J29: =IFERROR(IF(SUMPRODUCT(ISNUMBER(BI16:BI22)*1)<2,"Need≥2",RSQ(IF(ISNUMBER(BI16:BI22),LN(BI16:BI22),FALSE),IF(ISNUMBER(BI16:BI22),LN(BF6:BF12),FALSE))),"N/A") | K29: =IFERROR(IF(SUMPRODUCT(ISNUMBER(BI16:BI22)*1)<3,"Need≥3",1-(1-(IFERROR(IF(SUMPRODUCT(ISNUMBER(BI16:BI22)*1)<2,"Need≥2",RSQ(IF(ISNUMBER(BI16:BI22),LN(BI16:BI22),FALSE),IF(ISNUMBER(BI16:BI22),LN(BF6:BF12),FALSE))),"N/A")))*(B29-1)/(B29-2)),"N/A") | L29: =IFERROR(IF(SUMPRODUCT(ISNUMBER(BI16:BI22)*1)<3,"Need≥3",SQRT((1-(IFERROR(IF(SUMPRODUCT(ISNUMBER(BI16:BI22)*1)<2,"Need≥2",RSQ(IF(ISNUMBER(BI16:BI22),LN(BI16:BI22),FALSE),IF(ISNUMBER(BI16:BI22),LN(BF6:BF12),FALSE))),"N/A")))*VAR(IF(ISNUMBER(BI16:BI22),LN(BI16:BI22),FALSE))/((B29-2)*VAR(IF(ISNUMBER(BI16:BI22),LN(BF6:BF12),FALSE))))),"N/A") | M29: =IF(ISNUMBER(F29),IF(F29<0.85,"⚠ Check fit","OK"),"")
A30: Zn | B30: =SUMPRODUCT((ISNUMBER(F16:F22)*1)) | C30: =IFERROR(IF(SUMPRODUCT(ISNUMBER(F16:F22)*1)<2,"Need≥2",EXP(INTERCEPT(IF(ISNUMBER(F16:F22),LN(F16:F22),FALSE),IF(ISNUMBER(F16:F22),LN(B6:B12),FALSE)))),"N/A") | D30: =IFERROR(IF(SUMPRODUCT(ISNUMBER(F16:F22)*1)<2,"Need≥2",SLOPE(IF(ISNUMBER(F16:F22),LN(F16:F22),FALSE),IF(ISNUMBER(F16:F22),LN(B6:B12),FALSE))),"N/A") | E30: =IFERROR(IF(SUMPRODUCT(ISNUMBER(F16:F22)*1)<2,"Need≥2",RSQ(IF(ISNUMBER(F16:F22),LN(F16:F22),FALSE),IF(ISNUMBER(F16:F22),LN(B6:B12),FALSE))),"N/A") | F30: =IFERROR(IF(SUMPRODUCT(ISNUMBER(F16:F22)*1)<3,"Need≥3",1-(1-(IFERROR(IF(SUMPRODUCT(ISNUMBER(F16:F22)*1)<2,"Need≥2",RSQ(IF(ISNUMBER(F16:F22),LN(F16:F22),FALSE),IF(ISNUMBER(F16:F22),LN(B6:B12),FALSE))),"N/A")))*(B30-1)/(B30-2)),"N/A") | G30: =IFERROR(IF(SUMPRODUCT(ISNUMBER(F16:F22)*1)<3,"Need≥3",SQRT((1-(IFERROR(IF(SUMPRODUCT(ISNUMBER(F16:F22)*1)<2,"Need≥2",RSQ(IF(ISNUMBER(F16:F22),LN(F16:F22),FALSE),IF(ISNUMBER(F16:F22),LN(B6:B12),FALSE))),"N/A")))*VAR(IF(ISNUMBER(F16:F22),LN(F16:F22),FALSE))/((B30-2)*VAR(IF(ISNUMBER(F16:F22),LN(B6:B12),FALSE))))),"N/A") | H30: =IFERROR(IF(SUMPRODUCT(ISNUMBER(BJ16:BJ22)*1)<2,"Need≥2",EXP(INTERCEPT(IF(ISNUMBER(BJ16:BJ22),LN(BJ16:BJ22),FALSE),IF(ISNUMBER(BJ16:BJ22),LN(BF6:BF12),FALSE)))),"N/A") | I30: =IFERROR(IF(SUMPRODUCT(ISNUMBER(BJ16:BJ22)*1)<2,"Need≥2",SLOPE(IF(ISNUMBER(BJ16:BJ22),LN(BJ16:BJ22),FALSE),IF(ISNUMBER(BJ16:BJ22),LN(BF6:BF12),FALSE))),"N/A") | J30: =IFERROR(IF(SUMPRODUCT(ISNUMBER(BJ16:BJ22)*1)<2,"Need≥2",RSQ(IF(ISNUMBER(BJ16:BJ22),LN(BJ16:BJ22),FALSE),IF(ISNUMBER(BJ16:BJ22),LN(BF6:BF12),FALSE))),"N/A") | K30: =IFERROR(IF(SUMPRODUCT(ISNUMBER(BJ16:BJ22)*1)<3,"Need≥3",1-(1-(IFERROR(IF(SUMPRODUCT(ISNUMBER(BJ16:BJ22)*1)<2,"Need≥2",RSQ(IF(ISNUMBER(BJ16:BJ22),LN(BJ16:BJ22),FALSE),IF(ISNUMBER(BJ16:BJ22),LN(BF6:BF12),FALSE))),"N/A")))*(B30-1)/(B30-2)),"N/A") | L30: =IFERROR(IF(SUMPRODUCT(ISNUMBER(BJ16:BJ22)*1)<3,"Need≥3",SQRT((1-(IFERROR(IF(SUMPRODUCT(ISNUMBER(BJ16:BJ22)*1)<2,"Need≥2",RSQ(IF(ISNUMBER(BJ16:BJ22),LN(BJ16:BJ22),FALSE),IF(ISNUMBER(BJ16:BJ22),LN(BF6:BF12),FALSE))),"N/A")))*VAR(IF(ISNUMBER(BJ16:BJ22),LN(BJ16:BJ22),FALSE))/((B30-2)*VAR(IF(ISNUMBER(BJ16:BJ22),LN(BF6:BF12),FALSE))))),"N/A") | M30: =IF(ISNUMBER(F30),IF(F30<0.85,"⚠ Check fit","OK"),"")
A31: Ga | B31: =SUMPRODUCT((ISNUMBER(G16:G22)*1)) | C31: =IFERROR(IF(SUMPRODUCT(ISNUMBER(G16:G22)*1)<2,"Need≥2",EXP(INTERCEPT(IF(ISNUMBER(G16:G22),LN(G16:G22),FALSE),IF(ISNUMBER(G16:G22),LN(B6:B12),FALSE)))),"N/A") | D31: =IFERROR(IF(SUMPRODUCT(ISNUMBER(G16:G22)*1)<2,"Need≥2",SLOPE(IF(ISNUMBER(G16:G22),LN(G16:G22),FALSE),IF(ISNUMBER(G16:G22),LN(B6:B12),FALSE))),"N/A") | E31: =IFERROR(IF(SUMPRODUCT(ISNUMBER(G16:G22)*1)<2,"Need≥2",RSQ(IF(ISNUMBER(G16:G22),LN(G16:G22),FALSE),IF(ISNUMBER(G16:G22),LN(B6:B12),FALSE))),"N/A") | F31: =IFERROR(IF(SUMPRODUCT(ISNUMBER(G16:G22)*1)<3,"Need≥3",1-(1-(IFERROR(IF(SUMPRODUCT(ISNUMBER(G16:G22)*1)<2,"Need≥2",RSQ(IF(ISNUMBER(G16:G22),LN(G16:G22),FALSE),IF(ISNUMBER(G16:G22),LN(B6:B12),FALSE))),"N/A")))*(B31-1)/(B31-2)),"N/A") | G31: =IFERROR(IF(SUMPRODUCT(ISNUMBER(G16:G22)*1)<3,"Need≥3",SQRT((1-(IFERROR(IF(SUMPRODUCT(ISNUMBER(G16:G22)*1)<2,"Need≥2",RSQ(IF(ISNUMBER(G16:G22),LN(G16:G22),FALSE),IF(ISNUMBER(G16:G22),LN(B6:B12),FALSE))),"N/A")))*VAR(IF(ISNUMBER(G16:G22),LN(G16:G22),FALSE))/((B31-2)*VAR(IF(ISNUMBER(G16:G22),LN(B6:B12),FALSE))))),"N/A") | H31: =IFERROR(IF(SUMPRODUCT(ISNUMBER(BK16:BK22)*1)<2,"Need≥2",EXP(INTERCEPT(IF(ISNUMBER(BK16:BK22),LN(BK16:BK22),FALSE),IF(ISNUMBER(BK16:BK22),LN(BF6:BF12),FALSE)))),"N/A") | I31: =IFERROR(IF(SUMPRODUCT(ISNUMBER(BK16:BK22)*1)<2,"Need≥2",SLOPE(IF(ISNUMBER(BK16:BK22),LN(BK16:BK22),FALSE),IF(ISNUMBER(BK16:BK22),LN(BF6:BF12),FALSE))),"N/A") | J31: =IFERROR(IF(SUMPRODUCT(ISNUMBER(BK16:BK22)*1)<2,"Need≥2",RSQ(IF(ISNUMBER(BK16:BK22),LN(BK16:BK22),FALSE),IF(ISNUMBER(BK16:BK22),LN(BF6:BF12),FALSE))),"N/A") | K31: =IFERROR(IF(SUMPRODUCT(ISNUMBER(BK16:BK22)*1)<3,"Need≥3",1-(1-(IFERROR(IF(SUMPRODUCT(ISNUMBER(BK16:BK22)*1)<2,"Need≥2",RSQ(IF(ISNUMBER(BK16:BK22),LN(BK16:BK22),FALSE),IF(ISNUMBER(BK16:BK22),LN(BF6:BF12),FALSE))),"N/A")))*(B31-1)/(B31-2)),"N/A") | L31: =IFERROR(IF(SUMPRODUCT(ISNUMBER(BK16:BK22)*1)<3,"Need≥3",SQRT((1-(IFERROR(IF(SUMPRODUCT(ISNUMBER(BK16:BK22)*1)<2,"Need≥2",RSQ(IF(ISNUMBER(BK16:BK22),LN(BK16:BK22),FALSE),IF(ISNUMBER(BK16:BK22),LN(BF6:BF12),FALSE))),"N/A")))*VAR(IF(ISNUMBER(BK16:BK22),LN(BK16:BK22),FALSE))/((B31-2)*VAR(IF(ISNUMBER(BK16:BK22),LN(BF6:BF12),FALSE))))),"N/A") | M31: =IF(ISNUMBER(F31),IF(F31<0.85,"⚠ Check fit","OK"),"")
A32: Rb | B32: =SUMPRODUCT((ISNUMBER(H16:H22)*1)) | C32: =IFERROR(IF(SUMPRODUCT(ISNUMBER(H16:H22)*1)<2,"Need≥2",EXP(INTERCEPT(IF(ISNUMBER(H16:H22),LN(H16:H22),FALSE),IF(ISNUMBER(H16:H22),LN(B6:B12),FALSE)))),"N/A") | D32: =IFERROR(IF(SUMPRODUCT(ISNUMBER(H16:H22)*1)<2,"Need≥2",SLOPE(IF(ISNUMBER(H16:H22),LN(H16:H22),FALSE),IF(ISNUMBER(H16:H22),LN(B6:B12),FALSE))),"N/A") | E32: =IFERROR(IF(SUMPRODUCT(ISNUMBER(H16:H22)*1)<2,"Need≥2",RSQ(IF(ISNUMBER(H16:H22),LN(H16:H22),FALSE),IF(ISNUMBER(H16:H22),LN(B6:B12),FALSE))),"N/A") | F32: =IFERROR(IF(SUMPRODUCT(ISNUMBER(H16:H22)*1)<3,"Need≥3",1-(1-(IFERROR(IF(SUMPRODUCT(ISNUMBER(H16:H22)*1)<2,"Need≥2",RSQ(IF(ISNUMBER(H16:H22),LN(H16:H22),FALSE),IF(ISNUMBER(H16:H22),LN(B6:B12),FALSE))),"N/A")))*(B32-1)/(B32-2)),"N/A") | G32: =IFERROR(IF(SUMPRODUCT(ISNUMBER(H16:H22)*1)<3,"Need≥3",SQRT((1-(IFERROR(IF(SUMPRODUCT(ISNUMBER(H16:H22)*1)<2,"Need≥2",RSQ(IF(ISNUMBER(H16:H22),LN(H16:H22),FALSE),IF(ISNUMBER(H16:H22),LN(B6:B12),FALSE))),"N/A")))*VAR(IF(ISNUMBER(H16:H22),LN(H16:H22),FALSE))/((B32-2)*VAR(IF(ISNUMBER(H16:H22),LN(B6:B12),FALSE))))),"N/A") | H32: =IFERROR(IF(SUMPRODUCT(ISNUMBER(BL16:BL22)*1)<2,"Need≥2",EXP(INTERCEPT(IF(ISNUMBER(BL16:BL22),LN(BL16:BL22),FALSE),IF(ISNUMBER(BL16:BL22),LN(BF6:BF12),FALSE)))),"N/A") | I32: =IFERROR(IF(SUMPRODUCT(ISNUMBER(BL16:BL22)*1)<2,"Need≥2",SLOPE(IF(ISNUMBER(BL16:BL22),LN(BL16:BL22),FALSE),IF(ISNUMBER(BL16:BL22),LN(BF6:BF12),FALSE))),"N/A") | J32: =IFERROR(IF(SUMPRODUCT(ISNUMBER(BL16:BL22)*1)<2,"Need≥2",RSQ(IF(ISNUMBER(BL16:BL22),LN(BL16:BL22),FALSE),IF(ISNUMBER(BL16:BL22),LN(BF6:BF12),FALSE))),"N/A") | K32: =IFERROR(IF(SUMPRODUCT(ISNUMBER(BL16:BL22)*1)<3,"Need≥3",1-(1-(IFERROR(IF(SUMPRODUCT(ISNUMBER(BL16:BL22)*1)<2,"Need≥2",RSQ(IF(ISNUMBER(BL16:BL22),LN(BL16:BL22),FALSE),IF(ISNUMBER(BL16:BL22),LN(BF6:BF12),FALSE))),"N/A")))*(B32-1)/(B32-2)),"N/A") | L32: =IFERROR(IF(SUMPRODUCT(ISNUMBER(BL16:BL22)*1)<3,"Need≥3",SQRT((1-(IFERROR(IF(SUMPRODUCT(ISNUMBER(BL16:BL22)*1)<2,"Need≥2",RSQ(IF(ISNUMBER(BL16:BL22),LN(BL16:BL22),FALSE),IF(ISNUMBER(BL16:BL22),LN(BF6:BF12),FALSE))),"N/A")))*VAR(IF(ISNUMBER(BL16:BL22),LN(BL16:BL22),FALSE))/((B32-2)*VAR(IF(ISNUMBER(BL16:BL22),LN(BF6:BF12),FALSE))))),"N/A") | M32: =IF(ISNUMBER(F32),IF(F32<0.85,"⚠ Check fit","OK"),"")
A33: Y | B33: =SUMPRODUCT((ISNUMBER(I16:I22)*1)) | C33: =IFERROR(IF(SUMPRODUCT(ISNUMBER(I16:I22)*1)<2,"Need≥2",EXP(INTERCEPT(IF(ISNUMBER(I16:I22),LN(I16:I22),FALSE),IF(ISNUMBER(I16:I22),LN(B6:B12),FALSE)))),"N/A") | D33: =IFERROR(IF(SUMPRODUCT(ISNUMBER(I16:I22)*1)<2,"Need≥2",SLOPE(IF(ISNUMBER(I16:I22),LN(I16:I22),FALSE),IF(ISNUMBER(I16:I22),LN(B6:B12),FALSE))),"N/A") | E33: =IFERROR(IF(SUMPRODUCT(ISNUMBER(I16:I22)*1)<2,"Need≥2",RSQ(IF(ISNUMBER(I16:I22),LN(I16:I22),FALSE),IF(ISNUMBER(I16:I22),LN(B6:B12),FALSE))),"N/A") | F33: =IFERROR(IF(SUMPRODUCT(ISNUMBER(I16:I22)*1)<3,"Need≥3",1-(1-(IFERROR(IF(SUMPRODUCT(ISNUMBER(I16:I22)*1)<2,"Need≥2",RSQ(IF(ISNUMBER(I16:I22),LN(I16:I22),FALSE),IF(ISNUMBER(I16:I22),LN(B6:B12),FALSE))),"N/A")))*(B33-1)/(B33-2)),"N/A") | G33: =IFERROR(IF(SUMPRODUCT(ISNUMBER(I16:I22)*1)<3,"Need≥3",SQRT((1-(IFERROR(IF(SUMPRODUCT(ISNUMBER(I16:I22)*1)<2,"Need≥2",RSQ(IF(ISNUMBER(I16:I22),LN(I16:I22),FALSE),IF(ISNUMBER(I16:I22),LN(B6:B12),FALSE))),"N/A")))*VAR(IF(ISNUMBER(I16:I22),LN(I16:I22),FALSE))/((B33-2)*VAR(IF(ISNUMBER(I16:I22),LN(B6:B12),FALSE))))),"N/A") | H33: =IFERROR(IF(SUMPRODUCT(ISNUMBER(BM16:BM22)*1)<2,"Need≥2",EXP(INTERCEPT(IF(ISNUMBER(BM16:BM22),LN(BM16:BM22),FALSE),IF(ISNUMBER(BM16:BM22),LN(BF6:BF12),FALSE)))),"N/A") | I33: =IFERROR(IF(SUMPRODUCT(ISNUMBER(BM16:BM22)*1)<2,"Need≥2",SLOPE(IF(ISNUMBER(BM16:BM22),LN(BM16:BM22),FALSE),IF(ISNUMBER(BM16:BM22),LN(BF6:BF12),FALSE))),"N/A") | J33: =IFERROR(IF(SUMPRODUCT(ISNUMBER(BM16:BM22)*1)<2,"Need≥2",RSQ(IF(ISNUMBER(BM16:BM22),LN(BM16:BM22),FALSE),IF(ISNUMBER(BM16:BM22),LN(BF6:BF12),FALSE))),"N/A") | K33: =IFERROR(IF(SUMPRODUCT(ISNUMBER(BM16:BM22)*1)<3,"Need≥3",1-(1-(IFERROR(IF(SUMPRODUCT(ISNUMBER(BM16:BM22)*1)<2,"Need≥2",RSQ(IF(ISNUMBER(BM16:BM22),LN(BM16:BM22),FALSE),IF(ISNUMBER(BM16:BM22),LN(BF6:BF12),FALSE))),"N/A")))*(B33-1)/(B33-2)),"N/A") | L33: =IFERROR(IF(SUMPRODUCT(ISNUMBER(BM16:BM22)*1)<3,"Need≥3",SQRT((1-(IFERROR(IF(SUMPRODUCT(ISNUMBER(BM16:BM22)*1)<2,"Need≥2",RSQ(IF(ISNUMBER(BM16:BM22),LN(BM16:BM22),FALSE),IF(ISNUMBER(BM16:BM22),LN(BF6:BF12),FALSE))),"N/A")))*VAR(IF(ISNUMBER(BM16:BM22),LN(BM16:BM22),FALSE))/((B33-2)*VAR(IF(ISNUMBER(BM16:BM22),LN(BF6:BF12),FALSE))))),"N/A") | M33: =IF(ISNUMBER(F33),IF(F33<0.85,"⚠ Check fit","OK"),"")
A34: Zr | B34: =SUMPRODUCT((ISNUMBER(J16:J22)*1)) | C34: =IFERROR(IF(SUMPRODUCT(ISNUMBER(J16:J22)*1)<2,"Need≥2",EXP(INTERCEPT(IF(ISNUMBER(J16:J22),LN(J16:J22),FALSE),IF(ISNUMBER(J16:J22),LN(B6:B12),FALSE)))),"N/A") | D34: =IFERROR(IF(SUMPRODUCT(ISNUMBER(J16:J22)*1)<2,"Need≥2",SLOPE(IF(ISNUMBER(J16:J22),LN(J16:J22),FALSE),IF(ISNUMBER(J16:J22),LN(B6:B12),FALSE))),"N/A") | E34: =IFERROR(IF(SUMPRODUCT(ISNUMBER(J16:J22)*1)<2,"Need≥2",RSQ(IF(ISNUMBER(J16:J22),LN(J16:J22),FALSE),IF(ISNUMBER(J16:J22),LN(B6:B12),FALSE))),"N/A") | F34: =IFERROR(IF(SUMPRODUCT(ISNUMBER(J16:J22)*1)<3,"Need≥3",1-(1-(IFERROR(IF(SUMPRODUCT(ISNUMBER(J16:J22)*1)<2,"Need≥2",RSQ(IF(ISNUMBER(J16:J22),LN(J16:J22),FALSE),IF(ISNUMBER(J16:J22),LN(B6:B12),FALSE))),"N/A")))*(B34-1)/(B34-2)),"N/A") | G34: =IFERROR(IF(SUMPRODUCT(ISNUMBER(J16:J22)*1)<3,"Need≥3",SQRT((1-(IFERROR(IF(SUMPRODUCT(ISNUMBER(J16:J22)*1)<2,"Need≥2",RSQ(IF(ISNUMBER(J16:J22),LN(J16:J22),FALSE),IF(ISNUMBER(J16:J22),LN(B6:B12),FALSE))),"N/A")))*VAR(IF(ISNUMBER(J16:J22),LN(J16:J22),FALSE))/((B34-2)*VAR(IF(ISNUMBER(J16:J22),LN(B6:B12),FALSE))))),"N/A") | H34: =IFERROR(IF(SUMPRODUCT(ISNUMBER(BN16:BN22)*1)<2,"Need≥2",EXP(INTERCEPT(IF(ISNUMBER(BN16:BN22),LN(BN16:BN22),FALSE),IF(ISNUMBER(BN16:BN22),LN(BF6:BF12),FALSE)))),"N/A") | I34: =IFERROR(IF(SUMPRODUCT(ISNUMBER(BN16:BN22)*1)<2,"Need≥2",SLOPE(IF(ISNUMBER(BN16:BN22),LN(BN16:BN22),FALSE),IF(ISNUMBER(BN16:BN22),LN(BF6:BF12),FALSE))),"N/A") | J34: =IFERROR(IF(SUMPRODUCT(ISNUMBER(BN16:BN22)*1)<2,"Need≥2",RSQ(IF(ISNUMBER(BN16:BN22),LN(BN16:BN22),FALSE),IF(ISNUMBER(BN16:BN22),LN(BF6:BF12),FALSE))),"N/A") | K34: =IFERROR(IF(SUMPRODUCT(ISNUMBER(BN16:BN22)*1)<3,"Need≥3",1-(1-(IFERROR(IF(SUMPRODUCT(ISNUMBER(BN16:BN22)*1)<2,"Need≥2",RSQ(IF(ISNUMBER(BN16:BN22),LN(BN16:BN22),FALSE),IF(ISNUMBER(BN16:BN22),LN(BF6:BF12),FALSE))),"N/A")))*(B34-1)/(B34-2)),"N/A") | L34: =IFERROR(IF(SUMPRODUCT(ISNUMBER(BN16:BN22)*1)<3,"Need≥3",SQRT((1-(IFERROR(IF(SUMPRODUCT(ISNUMBER(BN16:BN22)*1)<2,"Need≥2",RSQ(IF(ISNUMBER(BN16:BN22),LN(BN16:BN22),FALSE),IF(ISNUMBER(BN16:BN22),LN(BF6:BF12),FALSE))),"N/A")))*VAR(IF(ISNUMBER(BN16:BN22),LN(BN16:BN22),FALSE))/((B34-2)*VAR(IF(ISNUMBER(BN16:BN22),LN(BF6:BF12),FALSE))))),"N/A") | M34: =IF(ISNUMBER(F34),IF(F34<0.85,"⚠ Check fit","OK"),"")
A35: La | B35: =SUMPRODUCT((ISNUMBER(K16:K22)*1)) | C35: =IFERROR(IF(SUMPRODUCT(ISNUMBER(K16:K22)*1)<2,"Need≥2",EXP(INTERCEPT(IF(ISNUMBER(K16:K22),LN(K16:K22),FALSE),IF(ISNUMBER(K16:K22),LN(B6:B12),FALSE)))),"N/A") | D35: =IFERROR(IF(SUMPRODUCT(ISNUMBER(K16:K22)*1)<2,"Need≥2",SLOPE(IF(ISNUMBER(K16:K22),LN(K16:K22),FALSE),IF(ISNUMBER(K16:K22),LN(B6:B12),FALSE))),"N/A") | E35: =IFERROR(IF(SUMPRODUCT(ISNUMBER(K16:K22)*1)<2,"Need≥2",RSQ(IF(ISNUMBER(K16:K22),LN(K16:K22),FALSE),IF(ISNUMBER(K16:K22),LN(B6:B12),FALSE))),"N/A") | F35: =IFERROR(IF(SUMPRODUCT(ISNUMBER(K16:K22)*1)<3,"Need≥3",1-(1-(IFERROR(IF(SUMPRODUCT(ISNUMBER(K16:K22)*1)<2,"Need≥2",RSQ(IF(ISNUMBER(K16:K22),LN(K16:K22),FALSE),IF(ISNUMBER(K16:K22),LN(B6:B12),FALSE))),"N/A")))*(B35-1)/(B35-2)),"N/A") | G35: =IFERROR(IF(SUMPRODUCT(ISNUMBER(K16:K22)*1)<3,"Need≥3",SQRT((1-(IFERROR(IF(SUMPRODUCT(ISNUMBER(K16:K22)*1)<2,"Need≥2",RSQ(IF(ISNUMBER(K16:K22),LN(K16:K22),FALSE),IF(ISNUMBER(K16:K22),LN(B6:B12),FALSE))),"N/A")))*VAR(IF(ISNUMBER(K16:K22),LN(K16:K22),FALSE))/((B35-2)*VAR(IF(ISNUMBER(K16:K22),LN(B6:B12),FALSE))))),"N/A") | H35: =IFERROR(IF(SUMPRODUCT(ISNUMBER(BO16:BO22)*1)<2,"Need≥2",EXP(INTERCEPT(IF(ISNUMBER(BO16:BO22),LN(BO16:BO22),FALSE),IF(ISNUMBER(BO16:BO22),LN(BF6:BF12),FALSE)))),"N/A") | I35: =IFERROR(IF(SUMPRODUCT(ISNUMBER(BO16:BO22)*1)<2,"Need≥2",SLOPE(IF(ISNUMBER(BO16:BO22),LN(BO16:BO22),FALSE),IF(ISNUMBER(BO16:BO22),LN(BF6:BF12),FALSE))),"N/A") | J35: =IFERROR(IF(SUMPRODUCT(ISNUMBER(BO16:BO22)*1)<2,"Need≥2",RSQ(IF(ISNUMBER(BO16:BO22),LN(BO16:BO22),FALSE),IF(ISNUMBER(BO16:BO22),LN(BF6:BF12),FALSE))),"N/A") | K35: =IFERROR(IF(SUMPRODUCT(ISNUMBER(BO16:BO22)*1)<3,"Need≥3",1-(1-(IFERROR(IF(SUMPRODUCT(ISNUMBER(BO16:BO22)*1)<2,"Need≥2",RSQ(IF(ISNUMBER(BO16:BO22),LN(BO16:BO22),FALSE),IF(ISNUMBER(BO16:BO22),LN(BF6:BF12),FALSE))),"N/A")))*(B35-1)/(B35-2)),"N/A") | L35: =IFERROR(IF(SUMPRODUCT(ISNUMBER(BO16:BO22)*1)<3,"Need≥3",SQRT((1-(IFERROR(IF(SUMPRODUCT(ISNUMBER(BO16:BO22)*1)<2,"Need≥2",RSQ(IF(ISNUMBER(BO16:BO22),LN(BO16:BO22),FALSE),IF(ISNUMBER(BO16:BO22),LN(BF6:BF12),FALSE))),"N/A")))*VAR(IF(ISNUMBER(BO16:BO22),LN(BO16:BO22),FALSE))/((B35-2)*VAR(IF(ISNUMBER(BO16:BO22),LN(BF6:BF12),FALSE))))),"N/A") | M35: =IF(ISNUMBER(F35),IF(F35<0.85,"⚠ Check fit","OK"),"")
A36: Ce | B36: =SUMPRODUCT((ISNUMBER(L16:L22)*1)) | C36: =IFERROR(IF(SUMPRODUCT(ISNUMBER(L16:L22)*1)<2,"Need≥2",EXP(INTERCEPT(IF(ISNUMBER(L16:L22),LN(L16:L22),FALSE),IF(ISNUMBER(L16:L22),LN(B6:B12),FALSE)))),"N/A") | D36: =IFERROR(IF(SUMPRODUCT(ISNUMBER(L16:L22)*1)<2,"Need≥2",SLOPE(IF(ISNUMBER(L16:L22),LN(L16:L22),FALSE),IF(ISNUMBER(L16:L22),LN(B6:B12),FALSE))),"N/A") | E36: =IFERROR(IF(SUMPRODUCT(ISNUMBER(L16:L22)*1)<2,"Need≥2",RSQ(IF(ISNUMBER(L16:L22),LN(L16:L22),FALSE),IF(ISNUMBER(L16:L22),LN(B6:B12),FALSE))),"N/A") | F36: =IFERROR(IF(SUMPRODUCT(ISNUMBER(L16:L22)*1)<3,"Need≥3",1-(1-(IFERROR(IF(SUMPRODUCT(ISNUMBER(L16:L22)*1)<2,"Need≥2",RSQ(IF(ISNUMBER(L16:L22),LN(L16:L22),FALSE),IF(ISNUMBER(L16:L22),LN(B6:B12),FALSE))),"N/A")))*(B36-1)/(B36-2)),"N/A") | G36: =IFERROR(IF(SUMPRODUCT(ISNUMBER(L16:L22)*1)<3,"Need≥3",SQRT((1-(IFERROR(IF(SUMPRODUCT(ISNUMBER(L16:L22)*1)<2,"Need≥2",RSQ(IF(ISNUMBER(L16:L22),LN(L16:L22),FALSE),IF(ISNUMBER(L16:L22),LN(B6:B12),FALSE))),"N/A")))*VAR(IF(ISNUMBER(L16:L22),LN(L16:L22),FALSE))/((B36-2)*VAR(IF(ISNUMBER(L16:L22),LN(B6:B12),FALSE))))),"N/A") | H36: =IFERROR(IF(SUMPRODUCT(ISNUMBER(BP16:BP22)*1)<2,"Need≥2",EXP(INTERCEPT(IF(ISNUMBER(BP16:BP22),LN(BP16:BP22),FALSE),IF(ISNUMBER(BP16:BP22),LN(BF6:BF12),FALSE)))),"N/A") | I36: =IFERROR(IF(SUMPRODUCT(ISNUMBER(BP16:BP22)*1)<2,"Need≥2",SLOPE(IF(ISNUMBER(BP16:BP22),LN(BP16:BP22),FALSE),IF(ISNUMBER(BP16:BP22),LN(BF6:BF12),FALSE))),"N/A") | J36: =IFERROR(IF(SUMPRODUCT(ISNUMBER(BP16:BP22)*1)<2,"Need≥2",RSQ(IF(ISNUMBER(BP16:BP22),LN(BP16:BP22),FALSE),IF(ISNUMBER(BP16:BP22),LN(BF6:BF12),FALSE))),"N/A") | K36: =IFERROR(IF(SUMPRODUCT(ISNUMBER(BP16:BP22)*1)<3,"Need≥3",1-(1-(IFERROR(IF(SUMPRODUCT(ISNUMBER(BP16:BP22)*1)<2,"Need≥2",RSQ(IF(ISNUMBER(BP16:BP22),LN(BP16:BP22),FALSE),IF(ISNUMBER(BP16:BP22),LN(BF6:BF12),FALSE))),"N/A")))*(B36-1)/(B36-2)),"N/A") | L36: =IFERROR(IF(SUMPRODUCT(ISNUMBER(BP16:BP22)*1)<3,"Need≥3",SQRT((1-(IFERROR(IF(SUMPRODUCT(ISNUMBER(BP16:BP22)*1)<2,"Need≥2",RSQ(IF(ISNUMBER(BP16:BP22),LN(BP16:BP22),FALSE),IF(ISNUMBER(BP16:BP22),LN(BF6:BF12),FALSE))),"N/A")))*VAR(IF(ISNUMBER(BP16:BP22),LN(BP16:BP22),FALSE))/((B36-2)*VAR(IF(ISNUMBER(BP16:BP22),LN(BF6:BF12),FALSE))))),"N/A") | M36: =IF(ISNUMBER(F36),IF(F36<0.85,"⚠ Check fit","OK"),"")
A37: Pr | B37: =SUMPRODUCT((ISNUMBER(M16:M22)*1)) | C37: =IFERROR(IF(SUMPRODUCT(ISNUMBER(M16:M22)*1)<2,"Need≥2",EXP(INTERCEPT(IF(ISNUMBER(M16:M22),LN(M16:M22),FALSE),IF(ISNUMBER(M16:M22),LN(B6:B12),FALSE)))),"N/A") | D37: =IFERROR(IF(SUMPRODUCT(ISNUMBER(M16:M22)*1)<2,"Need≥2",SLOPE(IF(ISNUMBER(M16:M22),LN(M16:M22),FALSE),IF(ISNUMBER(M16:M22),LN(B6:B12),FALSE))),"N/A") | E37: =IFERROR(IF(SUMPRODUCT(ISNUMBER(M16:M22)*1)<2,"Need≥2",RSQ(IF(ISNUMBER(M16:M22),LN(M16:M22),FALSE),IF(ISNUMBER(M16:M22),LN(B6:B12),FALSE))),"N/A") | F37: =IFERROR(IF(SUMPRODUCT(ISNUMBER(M16:M22)*1)<3,"Need≥3",1-(1-(IFERROR(IF(SUMPRODUCT(ISNUMBER(M16:M22)*1)<2,"Need≥2",RSQ(IF(ISNUMBER(M16:M22),LN(M16:M22),FALSE),IF(ISNUMBER(M16:M22),LN(B6:B12),FALSE))),"N/A")))*(B37-1)/(B37-2)),"N/A") | G37: =IFERROR(IF(SUMPRODUCT(ISNUMBER(M16:M22)*1)<3,"Need≥3",SQRT((1-(IFERROR(IF(SUMPRODUCT(ISNUMBER(M16:M22)*1)<2,"Need≥2",RSQ(IF(ISNUMBER(M16:M22),LN(M16:M22),FALSE),IF(ISNUMBER(M16:M22),LN(B6:B12),FALSE))),"N/A")))*VAR(IF(ISNUMBER(M16:M22),LN(M16:M22),FALSE))/((B37-2)*VAR(IF(ISNUMBER(M16:M22),LN(B6:B12),FALSE))))),"N/A") | H37: =IFERROR(IF(SUMPRODUCT(ISNUMBER(BQ16:BQ22)*1)<2,"Need≥2",EXP(INTERCEPT(IF(ISNUMBER(BQ16:BQ22),LN(BQ16:BQ22),FALSE),IF(ISNUMBER(BQ16:BQ22),LN(BF6:BF12),FALSE)))),"N/A") | I37: =IFERROR(IF(SUMPRODUCT(ISNUMBER(BQ16:BQ22)*1)<2,"Need≥2",SLOPE(IF(ISNUMBER(BQ16:BQ22),LN(BQ16:BQ22),FALSE),IF(ISNUMBER(BQ16:BQ22),LN(BF6:BF12),FALSE))),"N/A") | J37: =IFERROR(IF(SUMPRODUCT(ISNUMBER(BQ16:BQ22)*1)<2,"Need≥2",RSQ(IF(ISNUMBER(BQ16:BQ22),LN(BQ16:BQ22),FALSE),IF(ISNUMBER(BQ16:BQ22),LN(BF6:BF12),FALSE))),"N/A") | K37: =IFERROR(IF(SUMPRODUCT(ISNUMBER(BQ16:BQ22)*1)<3,"Need≥3",1-(1-(IFERROR(IF(SUMPRODUCT(ISNUMBER(BQ16:BQ22)*1)<2,"Need≥2",RSQ(IF(ISNUMBER(BQ16:BQ22),LN(BQ16:BQ22),FALSE),IF(ISNUMBER(BQ16:BQ22),LN(BF6:BF12),FALSE))),"N/A")))*(B37-1)/(B37-2)),"N/A") | L37: =IFERROR(IF(SUMPRODUCT(ISNUMBER(BQ16:BQ22)*1)<3,"Need≥3",SQRT((1-(IFERROR(IF(SUMPRODUCT(ISNUMBER(BQ16:BQ22)*1)<2,"Need≥2",RSQ(IF(ISNUMBER(BQ16:BQ22),LN(BQ16:BQ22),FALSE),IF(ISNUMBER(BQ16:BQ22),LN(BF6:BF12),FALSE))),"N/A")))*VAR(IF(ISNUMBER(BQ16:BQ22),LN(BQ16:BQ22),FALSE))/((B37-2)*VAR(IF(ISNUMBER(BQ16:BQ22),LN(BF6:BF12),FALSE))))),"N/A") | M37: =IF(ISNUMBER(F37),IF(F37<0.85,"⚠ Check fit","OK"),"")
A38: Nd | B38: =SUMPRODUCT((ISNUMBER(N16:N22)*1)) | C38: =IFERROR(IF(SUMPRODUCT(ISNUMBER(N16:N22)*1)<2,"Need≥2",EXP(INTERCEPT(IF(ISNUMBER(N16:N22),LN(N16:N22),FALSE),IF(ISNUMBER(N16:N22),LN(B6:B12),FALSE)))),"N/A") | D38: =IFERROR(IF(SUMPRODUCT(ISNUMBER(N16:N22)*1)<2,"Need≥2",SLOPE(IF(ISNUMBER(N16:N22),LN(N16:N22),FALSE),IF(ISNUMBER(N16:N22),LN(B6:B12),FALSE))),"N/A") | E38: =IFERROR(IF(SUMPRODUCT(ISNUMBER(N16:N22)*1)<2,"Need≥2",RSQ(IF(ISNUMBER(N16:N22),LN(N16:N22),FALSE),IF(ISNUMBER(N16:N22),LN(B6:B12),FALSE))),"N/A") | F38: =IFERROR(IF(SUMPRODUCT(ISNUMBER(N16:N22)*1)<3,"Need≥3",1-(1-(IFERROR(IF(SUMPRODUCT(ISNUMBER(N16:N22)*1)<2,"Need≥2",RSQ(IF(ISNUMBER(N16:N22),LN(N16:N22),FALSE),IF(ISNUMBER(N16:N22),LN(B6:B12),FALSE))),"N/A")))*(B38-1)/(B38-2)),"N/A") | G38: =IFERROR(IF(SUMPRODUCT(ISNUMBER(N16:N22)*1)<3,"Need≥3",SQRT((1-(IFERROR(IF(SUMPRODUCT(ISNUMBER(N16:N22)*1)<2,"Need≥2",RSQ(IF(ISNUMBER(N16:N22),LN(N16:N22),FALSE),IF(ISNUMBER(N16:N22),LN(B6:B12),FALSE))),"N/A")))*VAR(IF(ISNUMBER(N16:N22),LN(N16:N22),FALSE))/((B38-2)*VAR(IF(ISNUMBER(N16:N22),LN(B6:B12),FALSE))))),"N/A") | H38: =IFERROR(IF(SUMPRODUCT(ISNUMBER(BR16:BR22)*1)<2,"Need≥2",EXP(INTERCEPT(IF(ISNUMBER(BR16:BR22),LN(BR16:BR22),FALSE),IF(ISNUMBER(BR16:BR22),LN(BF6:BF12),FALSE)))),"N/A") | I38: =IFERROR(IF(SUMPRODUCT(ISNUMBER(BR16:BR22)*1)<2,"Need≥2",SLOPE(IF(ISNUMBER(BR16:BR22),LN(BR16:BR22),FALSE),IF(ISNUMBER(BR16:BR22),LN(BF6:BF12),FALSE))),"N/A") | J38: =IFERROR(IF(SUMPRODUCT(ISNUMBER(BR16:BR22)*1)<2,"Need≥2",RSQ(IF(ISNUMBER(BR16:BR22),LN(BR16:BR22),FALSE),IF(ISNUMBER(BR16:BR22),LN(BF6:BF12),FALSE))),"N/A") | K38: =IFERROR(IF(SUMPRODUCT(ISNUMBER(BR16:BR22)*1)<3,"Need≥3",1-(1-(IFERROR(IF(SUMPRODUCT(ISNUMBER(BR16:BR22)*1)<2,"Need≥2",RSQ(IF(ISNUMBER(BR16:BR22),LN(BR16:BR22),FALSE),IF(ISNUMBER(BR16:BR22),LN(BF6:BF12),FALSE))),"N/A")))*(B38-1)/(B38-2)),"N/A") | L38: =IFERROR(IF(SUMPRODUCT(ISNUMBER(BR16:BR22)*1)<3,"Need≥3",SQRT((1-(IFERROR(IF(SUMPRODUCT(ISNUMBER(BR16:BR22)*1)<2,"Need≥2",RSQ(IF(ISNUMBER(BR16:BR22),LN(BR16:BR22),FALSE),IF(ISNUMBER(BR16:BR22),LN(BF6:BF12),FALSE))),"N/A")))*VAR(IF(ISNUMBER(BR16:BR22),LN(BR16:BR22),FALSE))/((B38-2)*VAR(IF(ISNUMBER(BR16:BR22),LN(BF6:BF12),FALSE))))),"N/A") | M38: =IF(ISNUMBER(F38),IF(F38<0.85,"⚠ Check fit","OK"),"")
A39: Sm | B39: =SUMPRODUCT((ISNUMBER(O16:O22)*1)) | C39: =IFERROR(IF(SUMPRODUCT(ISNUMBER(O16:O22)*1)<2,"Need≥2",EXP(INTERCEPT(IF(ISNUMBER(O16:O22),LN(O16:O22),FALSE),IF(ISNUMBER(O16:O22),LN(B6:B12),FALSE)))),"N/A") | D39: =IFERROR(IF(SUMPRODUCT(ISNUMBER(O16:O22)*1)<2,"Need≥2",SLOPE(IF(ISNUMBER(O16:O22),LN(O16:O22),FALSE),IF(ISNUMBER(O16:O22),LN(B6:B12),FALSE))),"N/A") | E39: =IFERROR(IF(SUMPRODUCT(ISNUMBER(O16:O22)*1)<2,"Need≥2",RSQ(IF(ISNUMBER(O16:O22),LN(O16:O22),FALSE),IF(ISNUMBER(O16:O22),LN(B6:B12),FALSE))),"N/A") | F39: =IFERROR(IF(SUMPRODUCT(ISNUMBER(O16:O22)*1)<3,"Need≥3",1-(1-(IFERROR(IF(SUMPRODUCT(ISNUMBER(O16:O22)*1)<2,"Need≥2",RSQ(IF(ISNUMBER(O16:O22),LN(O16:O22),FALSE),IF(ISNUMBER(O16:O22),LN(B6:B12),FALSE))),"N/A")))*(B39-1)/(B39-2)),"N/A") | G39: =IFERROR(IF(SUMPRODUCT(ISNUMBER(O16:O22)*1)<3,"Need≥3",SQRT((1-(IFERROR(IF(SUMPRODUCT(ISNUMBER(O16:O22)*1)<2,"Need≥2",RSQ(IF(ISNUMBER(O16:O22),LN(O16:O22),FALSE),IF(ISNUMBER(O16:O22),LN(B6:B12),FALSE))),"N/A")))*VAR(IF(ISNUMBER(O16:O22),LN(O16:O22),FALSE))/((B39-2)*VAR(IF(ISNUMBER(O16:O22),LN(B6:B12),FALSE))))),"N/A") | H39: =IFERROR(IF(SUMPRODUCT(ISNUMBER(BS16:BS22)*1)<2,"Need≥2",EXP(INTERCEPT(IF(ISNUMBER(BS16:BS22),LN(BS16:BS22),FALSE),IF(ISNUMBER(BS16:BS22),LN(BF6:BF12),FALSE)))),"N/A") | I39: =IFERROR(IF(SUMPRODUCT(ISNUMBER(BS16:BS22)*1)<2,"Need≥2",SLOPE(IF(ISNUMBER(BS16:BS22),LN(BS16:BS22),FALSE),IF(ISNUMBER(BS16:BS22),LN(BF6:BF12),FALSE))),"N/A") | J39: =IFERROR(IF(SUMPRODUCT(ISNUMBER(BS16:BS22)*1)<2,"Need≥2",RSQ(IF(ISNUMBER(BS16:BS22),LN(BS16:BS22),FALSE),IF(ISNUMBER(BS16:BS22),LN(BF6:BF12),FALSE))),"N/A") | K39: =IFERROR(IF(SUMPRODUCT(ISNUMBER(BS16:BS22)*1)<3,"Need≥3",1-(1-(IFERROR(IF(SUMPRODUCT(ISNUMBER(BS16:BS22)*1)<2,"Need≥2",RSQ(IF(ISNUMBER(BS16:BS22),LN(BS16:BS22),FALSE),IF(ISNUMBER(BS16:BS22),LN(BF6:BF12),FALSE))),"N/A")))*(B39-1)/(B39-2)),"N/A") | L39: =IFERROR(IF(SUMPRODUCT(ISNUMBER(BS16:BS22)*1)<3,"Need≥3",SQRT((1-(IFERROR(IF(SUMPRODUCT(ISNUMBER(BS16:BS22)*1)<2,"Need≥2",RSQ(IF(ISNUMBER(BS16:BS22),LN(BS16:BS22),FALSE),IF(ISNUMBER(BS16:BS22),LN(BF6:BF12),FALSE))),"N/A")))*VAR(IF(ISNUMBER(BS16:BS22),LN(BS16:BS22),FALSE))/((B39-2)*VAR(IF(ISNUMBER(BS16:BS22),LN(BF6:BF12),FALSE))))),"N/A") | M39: =IF(ISNUMBER(F39),IF(F39<0.85,"⚠ Check fit","OK"),"")
A40: Eu | B40: =SUMPRODUCT((ISNUMBER(P16:P22)*1)) | C40: =IFERROR(IF(SUMPRODUCT(ISNUMBER(P16:P22)*1)<2,"Need≥2",EXP(INTERCEPT(IF(ISNUMBER(P16:P22),LN(P16:P22),FALSE),IF(ISNUMBER(P16:P22),LN(B6:B12),FALSE)))),"N/A") | D40: =IFERROR(IF(SUMPRODUCT(ISNUMBER(P16:P22)*1)<2,"Need≥2",SLOPE(IF(ISNUMBER(P16:P22),LN(P16:P22),FALSE),IF(ISNUMBER(P16:P22),LN(B6:B12),FALSE))),"N/A") | E40: =IFERROR(IF(SUMPRODUCT(ISNUMBER(P16:P22)*1)<2,"Need≥2",RSQ(IF(ISNUMBER(P16:P22),LN(P16:P22),FALSE),IF(ISNUMBER(P16:P22),LN(B6:B12),FALSE))),"N/A") | F40: =IFERROR(IF(SUMPRODUCT(ISNUMBER(P16:P22)*1)<3,"Need≥3",1-(1-(IFERROR(IF(SUMPRODUCT(ISNUMBER(P16:P22)*1)<2,"Need≥2",RSQ(IF(ISNUMBER(P16:P22),LN(P16:P22),FALSE),IF(ISNUMBER(P16:P22),LN(B6:B12),FALSE))),"N/A")))*(B40-1)/(B40-2)),"N/A") | G40: =IFERROR(IF(SUMPRODUCT(ISNUMBER(P16:P22)*1)<3,"Need≥3",SQRT((1-(IFERROR(IF(SUMPRODUCT(ISNUMBER(P16:P22)*1)<2,"Need≥2",RSQ(IF(ISNUMBER(P16:P22),LN(P16:P22),FALSE),IF(ISNUMBER(P16:P22),LN(B6:B12),FALSE))),"N/A")))*VAR(IF(ISNUMBER(P16:P22),LN(P16:P22),FALSE))/((B40-2)*VAR(IF(ISNUMBER(P16:P22),LN(B6:B12),FALSE))))),"N/A") | H40: =IFERROR(IF(SUMPRODUCT(ISNUMBER(BT16:BT22)*1)<2,"Need≥2",EXP(INTERCEPT(IF(ISNUMBER(BT16:BT22),LN(BT16:BT22),FALSE),IF(ISNUMBER(BT16:BT22),LN(BF6:BF12),FALSE)))),"N/A") | I40: =IFERROR(IF(SUMPRODUCT(ISNUMBER(BT16:BT22)*1)<2,"Need≥2",SLOPE(IF(ISNUMBER(BT16:BT22),LN(BT16:BT22),FALSE),IF(ISNUMBER(BT16:BT22),LN(BF6:BF12),FALSE))),"N/A") | J40: =IFERROR(IF(SUMPRODUCT(ISNUMBER(BT16:BT22)*1)<2,"Need≥2",RSQ(IF(ISNUMBER(BT16:BT22),LN(BT16:BT22),FALSE),IF(ISNUMBER(BT16:BT22),LN(BF6:BF12),FALSE))),"N/A") | K40: =IFERROR(IF(SUMPRODUCT(ISNUMBER(BT16:BT22)*1)<3,"Need≥3",1-(1-(IFERROR(IF(SUMPRODUCT(ISNUMBER(BT16:BT22)*1)<2,"Need≥2",RSQ(IF(ISNUMBER(BT16:BT22),LN(BT16:BT22),FALSE),IF(ISNUMBER(BT16:BT22),LN(BF6:BF12),FALSE))),"N/A")))*(B40-1)/(B40-2)),"N/A") | L40: =IFERROR(IF(SUMPRODUCT(ISNUMBER(BT16:BT22)*1)<3,"Need≥3",SQRT((1-(IFERROR(IF(SUMPRODUCT(ISNUMBER(BT16:BT22)*1)<2,"Need≥2",RSQ(IF(ISNUMBER(BT16:BT22),LN(BT16:BT22),FALSE),IF(ISNUMBER(BT16:BT22),LN(BF6:BF12),FALSE))),"N/A")))*VAR(IF(ISNUMBER(BT16:BT22),LN(BT16:BT22),FALSE))/((B40-2)*VAR(IF(ISNUMBER(BT16:BT22),LN(BF6:BF12),FALSE))))),"N/A") | M40: =IF(ISNUMBER(F40),IF(F40<0.85,"⚠ Check fit","OK"),"")
A41: Gd | B41: =SUMPRODUCT((ISNUMBER(Q16:Q22)*1)) | C41: =IFERROR(IF(SUMPRODUCT(ISNUMBER(Q16:Q22)*1)<2,"Need≥2",EXP(INTERCEPT(IF(ISNUMBER(Q16:Q22),LN(Q16:Q22),FALSE),IF(ISNUMBER(Q16:Q22),LN(B6:B12),FALSE)))),"N/A") | D41: =IFERROR(IF(SUMPRODUCT(ISNUMBER(Q16:Q22)*1)<2,"Need≥2",SLOPE(IF(ISNUMBER(Q16:Q22),LN(Q16:Q22),FALSE),IF(ISNUMBER(Q16:Q22),LN(B6:B12),FALSE))),"N/A") | E41: =IFERROR(IF(SUMPRODUCT(ISNUMBER(Q16:Q22)*1)<2,"Need≥2",RSQ(IF(ISNUMBER(Q16:Q22),LN(Q16:Q22),FALSE),IF(ISNUMBER(Q16:Q22),LN(B6:B12),FALSE))),"N/A") | F41: =IFERROR(IF(SUMPRODUCT(ISNUMBER(Q16:Q22)*1)<3,"Need≥3",1-(1-(IFERROR(IF(SUMPRODUCT(ISNUMBER(Q16:Q22)*1)<2,"Need≥2",RSQ(IF(ISNUMBER(Q16:Q22),LN(Q16:Q22),FALSE),IF(ISNUMBER(Q16:Q22),LN(B6:B12),FALSE))),"N/A")))*(B41-1)/(B41-2)),"N/A") | G41: =IFERROR(IF(SUMPRODUCT(ISNUMBER(Q16:Q22)*1)<3,"Need≥3",SQRT((1-(IFERROR(IF(SUMPRODUCT(ISNUMBER(Q16:Q22)*1)<2,"Need≥2",RSQ(IF(ISNUMBER(Q16:Q22),LN(Q16:Q22),FALSE),IF(ISNUMBER(Q16:Q22),LN(B6:B12),FALSE))),"N/A")))*VAR(IF(ISNUMBER(Q16:Q22),LN(Q16:Q22),FALSE))/((B41-2)*VAR(IF(ISNUMBER(Q16:Q22),LN(B6:B12),FALSE))))),"N/A") | H41: =IFERROR(IF(SUMPRODUCT(ISNUMBER(BU16:BU22)*1)<2,"Need≥2",EXP(INTERCEPT(IF(ISNUMBER(BU16:BU22),LN(BU16:BU22),FALSE),IF(ISNUMBER(BU16:BU22),LN(BF6:BF12),FALSE)))),"N/A") | I41: =IFERROR(IF(SUMPRODUCT(ISNUMBER(BU16:BU22)*1)<2,"Need≥2",SLOPE(IF(ISNUMBER(BU16:BU22),LN(BU16:BU22),FALSE),IF(ISNUMBER(BU16:BU22),LN(BF6:BF12),FALSE))),"N/A") | J41: =IFERROR(IF(SUMPRODUCT(ISNUMBER(BU16:BU22)*1)<2,"Need≥2",RSQ(IF(ISNUMBER(BU16:BU22),LN(BU16:BU22),FALSE),IF(ISNUMBER(BU16:BU22),LN(BF6:BF12),FALSE))),"N/A") | K41: =IFERROR(IF(SUMPRODUCT(ISNUMBER(BU16:BU22)*1)<3,"Need≥3",1-(1-(IFERROR(IF(SUMPRODUCT(ISNUMBER(BU16:BU22)*1)<2,"Need≥2",RSQ(IF(ISNUMBER(BU16:BU22),LN(BU16:BU22),FALSE),IF(ISNUMBER(BU16:BU22),LN(BF6:BF12),FALSE))),"N/A")))*(B41-1)/(B41-2)),"N/A") | L41: =IFERROR(IF(SUMPRODUCT(ISNUMBER(BU16:BU22)*1)<3,"Need≥3",SQRT((1-(IFERROR(IF(SUMPRODUCT(ISNUMBER(BU16:BU22)*1)<2,"Need≥2",RSQ(IF(ISNUMBER(BU16:BU22),LN(BU16:BU22),FALSE),IF(ISNUMBER(BU16:BU22),LN(BF6:BF12),FALSE))),"N/A")))*VAR(IF(ISNUMBER(BU16:BU22),LN(BU16:BU22),FALSE))/((B41-2)*VAR(IF(ISNUMBER(BU16:BU22),LN(BF6:BF12),FALSE))))),"N/A") | M41: =IF(ISNUMBER(F41),IF(F41<0.85,"⚠ Check fit","OK"),"")
A42: Tb | B42: =SUMPRODUCT((ISNUMBER(R16:R22)*1)) | C42: =IFERROR(IF(SUMPRODUCT(ISNUMBER(R16:R22)*1)<2,"Need≥2",EXP(INTERCEPT(IF(ISNUMBER(R16:R22),LN(R16:R22),FALSE),IF(ISNUMBER(R16:R22),LN(B6:B12),FALSE)))),"N/A") | D42: =IFERROR(IF(SUMPRODUCT(ISNUMBER(R16:R22)*1)<2,"Need≥2",SLOPE(IF(ISNUMBER(R16:R22),LN(R16:R22),FALSE),IF(ISNUMBER(R16:R22),LN(B6:B12),FALSE))),"N/A") | E42: =IFERROR(IF(SUMPRODUCT(ISNUMBER(R16:R22)*1)<2,"Need≥2",RSQ(IF(ISNUMBER(R16:R22),LN(R16:R22),FALSE),IF(ISNUMBER(R16:R22),LN(B6:B12),FALSE))),"N/A") | F42: =IFERROR(IF(SUMPRODUCT(ISNUMBER(R16:R22)*1)<3,"Need≥3",1-(1-(IFERROR(IF(SUMPRODUCT(ISNUMBER(R16:R22)*1)<2,"Need≥2",RSQ(IF(ISNUMBER(R16:R22),LN(R16:R22),FALSE),IF(ISNUMBER(R16:R22),LN(B6:B12),FALSE))),"N/A")))*(B42-1)/(B42-2)),"N/A") | G42: =IFERROR(IF(SUMPRODUCT(ISNUMBER(R16:R22)*1)<3,"Need≥3",SQRT((1-(IFERROR(IF(SUMPRODUCT(ISNUMBER(R16:R22)*1)<2,"Need≥2",RSQ(IF(ISNUMBER(R16:R22),LN(R16:R22),FALSE),IF(ISNUMBER(R16:R22),LN(B6:B12),FALSE))),"N/A")))*VAR(IF(ISNUMBER(R16:R22),LN(R16:R22),FALSE))/((B42-2)*VAR(IF(ISNUMBER(R16:R22),LN(B6:B12),FALSE))))),"N/A") | H42: =IFERROR(IF(SUMPRODUCT(ISNUMBER(BV16:BV22)*1)<2,"Need≥2",EXP(INTERCEPT(IF(ISNUMBER(BV16:BV22),LN(BV16:BV22),FALSE),IF(ISNUMBER(BV16:BV22),LN(BF6:BF12),FALSE)))),"N/A") | I42: =IFERROR(IF(SUMPRODUCT(ISNUMBER(BV16:BV22)*1)<2,"Need≥2",SLOPE(IF(ISNUMBER(BV16:BV22),LN(BV16:BV22),FALSE),IF(ISNUMBER(BV16:BV22),LN(BF6:BF12),FALSE))),"N/A") | J42: =IFERROR(IF(SUMPRODUCT(ISNUMBER(BV16:BV22)*1)<2,"Need≥2",RSQ(IF(ISNUMBER(BV16:BV22),LN(BV16:BV22),FALSE),IF(ISNUMBER(BV16:BV22),LN(BF6:BF12),FALSE))),"N/A") | K42: =IFERROR(IF(SUMPRODUCT(ISNUMBER(BV16:BV22)*1)<3,"Need≥3",1-(1-(IFERROR(IF(SUMPRODUCT(ISNUMBER(BV16:BV22)*1)<2,"Need≥2",RSQ(IF(ISNUMBER(BV16:BV22),LN(BV16:BV22),FALSE),IF(ISNUMBER(BV16:BV22),LN(BF6:BF12),FALSE))),"N/A")))*(B42-1)/(B42-2)),"N/A") | L42: =IFERROR(IF(SUMPRODUCT(ISNUMBER(BV16:BV22)*1)<3,"Need≥3",SQRT((1-(IFERROR(IF(SUMPRODUCT(ISNUMBER(BV16:BV22)*1)<2,"Need≥2",RSQ(IF(ISNUMBER(BV16:BV22),LN(BV16:BV22),FALSE),IF(ISNUMBER(BV16:BV22),LN(BF6:BF12),FALSE))),"N/A")))*VAR(IF(ISNUMBER(BV16:BV22),LN(BV16:BV22),FALSE))/((B42-2)*VAR(IF(ISNUMBER(BV16:BV22),LN(BF6:BF12),FALSE))))),"N/A") | M42: =IF(ISNUMBER(F42),IF(F42<0.85,"⚠ Check fit","OK"),"")
A43: Dy | B43: =SUMPRODUCT((ISNUMBER(S16:S22)*1)) | C43: =IFERROR(IF(SUMPRODUCT(ISNUMBER(S16:S22)*1)<2,"Need≥2",EXP(INTERCEPT(IF(ISNUMBER(S16:S22),LN(S16:S22),FALSE),IF(ISNUMBER(S16:S22),LN(B6:B12),FALSE)))),"N/A") | D43: =IFERROR(IF(SUMPRODUCT(ISNUMBER(S16:S22)*1)<2,"Need≥2",SLOPE(IF(ISNUMBER(S16:S22),LN(S16:S22),FALSE),IF(ISNUMBER(S16:S22),LN(B6:B12),FALSE))),"N/A") | E43: =IFERROR(IF(SUMPRODUCT(ISNUMBER(S16:S22)*1)<2,"Need≥2",RSQ(IF(ISNUMBER(S16:S22),LN(S16:S22),FALSE),IF(ISNUMBER(S16:S22),LN(B6:B12),FALSE))),"N/A") | F43: =IFERROR(IF(SUMPRODUCT(ISNUMBER(S16:S22)*1)<3,"Need≥3",1-(1-(IFERROR(IF(SUMPRODUCT(ISNUMBER(S16:S22)*1)<2,"Need≥2",RSQ(IF(ISNUMBER(S16:S22),LN(S16:S22),FALSE),IF(ISNUMBER(S16:S22),LN(B6:B12),FALSE))),"N/A")))*(B43-1)/(B43-2)),"N/A") | G43: =IFERROR(IF(SUMPRODUCT(ISNUMBER(S16:S22)*1)<3,"Need≥3",SQRT((1-(IFERROR(IF(SUMPRODUCT(ISNUMBER(S16:S22)*1)<2,"Need≥2",RSQ(IF(ISNUMBER(S16:S22),LN(S16:S22),FALSE),IF(ISNUMBER(S16:S22),LN(B6:B12),FALSE))),"N/A")))*VAR(IF(ISNUMBER(S16:S22),LN(S16:S22),FALSE))/((B43-2)*VAR(IF(ISNUMBER(S16:S22),LN(B6:B12),FALSE))))),"N/A") | H43: =IFERROR(IF(SUMPRODUCT(ISNUMBER(BW16:BW22)*1)<2,"Need≥2",EXP(INTERCEPT(IF(ISNUMBER(BW16:BW22),LN(BW16:BW22),FALSE),IF(ISNUMBER(BW16:BW22),LN(BF6:BF12),FALSE)))),"N/A") | I43: =IFERROR(IF(SUMPRODUCT(ISNUMBER(BW16:BW22)*1)<2,"Need≥2",SLOPE(IF(ISNUMBER(BW16:BW22),LN(BW16:BW22),FALSE),IF(ISNUMBER(BW16:BW22),LN(BF6:BF12),FALSE))),"N/A") | J43: =IFERROR(IF(SUMPRODUCT(ISNUMBER(BW16:BW22)*1)<2,"Need≥2",RSQ(IF(ISNUMBER(BW16:BW22),LN(BW16:BW22),FALSE),IF(ISNUMBER(BW16:BW22),LN(BF6:BF12),FALSE))),"N/A") | K43: =IFERROR(IF(SUMPRODUCT(ISNUMBER(BW16:BW22)*1)<3,"Need≥3",1-(1-(IFERROR(IF(SUMPRODUCT(ISNUMBER(BW16:BW22)*1)<2,"Need≥2",RSQ(IF(ISNUMBER(BW16:BW22),LN(BW16:BW22),FALSE),IF(ISNUMBER(BW16:BW22),LN(BF6:BF12),FALSE))),"N/A")))*(B43-1)/(B43-2)),"N/A") | L43: =IFERROR(IF(SUMPRODUCT(ISNUMBER(BW16:BW22)*1)<3,"Need≥3",SQRT((1-(IFERROR(IF(SUMPRODUCT(ISNUMBER(BW16:BW22)*1)<2,"Need≥2",RSQ(IF(ISNUMBER(BW16:BW22),LN(BW16:BW22),FALSE),IF(ISNUMBER(BW16:BW22),LN(BF6:BF12),FALSE))),"N/A")))*VAR(IF(ISNUMBER(BW16:BW22),LN(BW16:BW22),FALSE))/((B43-2)*VAR(IF(ISNUMBER(BW16:BW22),LN(BF6:BF12),FALSE))))),"N/A") | M43: =IF(ISNUMBER(F43),IF(F43<0.85,"⚠ Check fit","OK"),"")
A44: Ho | B44: =SUMPRODUCT((ISNUMBER(T16:T22)*1)) | C44: =IFERROR(IF(SUMPRODUCT(ISNUMBER(T16:T22)*1)<2,"Need≥2",EXP(INTERCEPT(IF(ISNUMBER(T16:T22),LN(T16:T22),FALSE),IF(ISNUMBER(T16:T22),LN(B6:B12),FALSE)))),"N/A") | D44: =IFERROR(IF(SUMPRODUCT(ISNUMBER(T16:T22)*1)<2,"Need≥2",SLOPE(IF(ISNUMBER(T16:T22),LN(T16:T22),FALSE),IF(ISNUMBER(T16:T22),LN(B6:B12),FALSE))),"N/A") | E44: =IFERROR(IF(SUMPRODUCT(ISNUMBER(T16:T22)*1)<2,"Need≥2",RSQ(IF(ISNUMBER(T16:T22),LN(T16:T22),FALSE),IF(ISNUMBER(T16:T22),LN(B6:B12),FALSE))),"N/A") | F44: =IFERROR(IF(SUMPRODUCT(ISNUMBER(T16:T22)*1)<3,"Need≥3",1-(1-(IFERROR(IF(SUMPRODUCT(ISNUMBER(T16:T22)*1)<2,"Need≥2",RSQ(IF(ISNUMBER(T16:T22),LN(T16:T22),FALSE),IF(ISNUMBER(T16:T22),LN(B6:B12),FALSE))),"N/A")))*(B44-1)/(B44-2)),"N/A") | G44: =IFERROR(IF(SUMPRODUCT(ISNUMBER(T16:T22)*1)<3,"Need≥3",SQRT((1-(IFERROR(IF(SUMPRODUCT(ISNUMBER(T16:T22)*1)<2,"Need≥2",RSQ(IF(ISNUMBER(T16:T22),LN(T16:T22),FALSE),IF(ISNUMBER(T16:T22),LN(B6:B12),FALSE))),"N/A")))*VAR(IF(ISNUMBER(T16:T22),LN(T16:T22),FALSE))/((B44-2)*VAR(IF(ISNUMBER(T16:T22),LN(B6:B12),FALSE))))),"N/A") | H44: =IFERROR(IF(SUMPRODUCT(ISNUMBER(BX16:BX22)*1)<2,"Need≥2",EXP(INTERCEPT(IF(ISNUMBER(BX16:BX22),LN(BX16:BX22),FALSE),IF(ISNUMBER(BX16:BX22),LN(BF6:BF12),FALSE)))),"N/A") | I44: =IFERROR(IF(SUMPRODUCT(ISNUMBER(BX16:BX22)*1)<2,"Need≥2",SLOPE(IF(ISNUMBER(BX16:BX22),LN(BX16:BX22),FALSE),IF(ISNUMBER(BX16:BX22),LN(BF6:BF12),FALSE))),"N/A") | J44: =IFERROR(IF(SUMPRODUCT(ISNUMBER(BX16:BX22)*1)<2,"Need≥2",RSQ(IF(ISNUMBER(BX16:BX22),LN(BX16:BX22),FALSE),IF(ISNUMBER(BX16:BX22),LN(BF6:BF12),FALSE))),"N/A") | K44: =IFERROR(IF(SUMPRODUCT(ISNUMBER(BX16:BX22)*1)<3,"Need≥3",1-(1-(IFERROR(IF(SUMPRODUCT(ISNUMBER(BX16:BX22)*1)<2,"Need≥2",RSQ(IF(ISNUMBER(BX16:BX22),LN(BX16:BX22),FALSE),IF(ISNUMBER(BX16:BX22),LN(BF6:BF12),FALSE))),"N/A")))*(B44-1)/(B44-2)),"N/A") | L44: =IFERROR(IF(SUMPRODUCT(ISNUMBER(BX16:BX22)*1)<3,"Need≥3",SQRT((1-(IFERROR(IF(SUMPRODUCT(ISNUMBER(BX16:BX22)*1)<2,"Need≥2",RSQ(IF(ISNUMBER(BX16:BX22),LN(BX16:BX22),FALSE),IF(ISNUMBER(BX16:BX22),LN(BF6:BF12),FALSE))),"N/A")))*VAR(IF(ISNUMBER(BX16:BX22),LN(BX16:BX22),FALSE))/((B44-2)*VAR(IF(ISNUMBER(BX16:BX22),LN(BF6:BF12),FALSE))))),"N/A") | M44: =IF(ISNUMBER(F44),IF(F44<0.85,"⚠ Check fit","OK"),"")
A45: Er | B45: =SUMPRODUCT((ISNUMBER(U16:U22)*1)) | C45: =IFERROR(IF(SUMPRODUCT(ISNUMBER(U16:U22)*1)<2,"Need≥2",EXP(INTERCEPT(IF(ISNUMBER(U16:U22),LN(U16:U22),FALSE),IF(ISNUMBER(U16:U22),LN(B6:B12),FALSE)))),"N/A") | D45: =IFERROR(IF(SUMPRODUCT(ISNUMBER(U16:U22)*1)<2,"Need≥2",SLOPE(IF(ISNUMBER(U16:U22),LN(U16:U22),FALSE),IF(ISNUMBER(U16:U22),LN(B6:B12),FALSE))),"N/A") | E45: =IFERROR(IF(SUMPRODUCT(ISNUMBER(U16:U22)*1)<2,"Need≥2",RSQ(IF(ISNUMBER(U16:U22),LN(U16:U22),FALSE),IF(ISNUMBER(U16:U22),LN(B6:B12),FALSE))),"N/A") | F45: =IFERROR(IF(SUMPRODUCT(ISNUMBER(U16:U22)*1)<3,"Need≥3",1-(1-(IFERROR(IF(SUMPRODUCT(ISNUMBER(U16:U22)*1)<2,"Need≥2",RSQ(IF(ISNUMBER(U16:U22),LN(U16:U22),FALSE),IF(ISNUMBER(U16:U22),LN(B6:B12),FALSE))),"N/A")))*(B45-1)/(B45-2)),"N/A") | G45: =IFERROR(IF(SUMPRODUCT(ISNUMBER(U16:U22)*1)<3,"Need≥3",SQRT((1-(IFERROR(IF(SUMPRODUCT(ISNUMBER(U16:U22)*1)<2,"Need≥2",RSQ(IF(ISNUMBER(U16:U22),LN(U16:U22),FALSE),IF(ISNUMBER(U16:U22),LN(B6:B12),FALSE))),"N/A")))*VAR(IF(ISNUMBER(U16:U22),LN(U16:U22),FALSE))/((B45-2)*VAR(IF(ISNUMBER(U16:U22),LN(B6:B12),FALSE))))),"N/A") | H45: =IFERROR(IF(SUMPRODUCT(ISNUMBER(BY16:BY22)*1)<2,"Need≥2",EXP(INTERCEPT(IF(ISNUMBER(BY16:BY22),LN(BY16:BY22),FALSE),IF(ISNUMBER(BY16:BY22),LN(BF6:BF12),FALSE)))),"N/A") | I45: =IFERROR(IF(SUMPRODUCT(ISNUMBER(BY16:BY22)*1)<2,"Need≥2",SLOPE(IF(ISNUMBER(BY16:BY22),LN(BY16:BY22),FALSE),IF(ISNUMBER(BY16:BY22),LN(BF6:BF12),FALSE))),"N/A") | J45: =IFERROR(IF(SUMPRODUCT(ISNUMBER(BY16:BY22)*1)<2,"Need≥2",RSQ(IF(ISNUMBER(BY16:BY22),LN(BY16:BY22),FALSE),IF(ISNUMBER(BY16:BY22),LN(BF6:BF12),FALSE))),"N/A") | K45: =IFERROR(IF(SUMPRODUCT(ISNUMBER(BY16:BY22)*1)<3,"Need≥3",1-(1-(IFERROR(IF(SUMPRODUCT(ISNUMBER(BY16:BY22)*1)<2,"Need≥2",RSQ(IF(ISNUMBER(BY16:BY22),LN(BY16:BY22),FALSE),IF(ISNUMBER(BY16:BY22),LN(BF6:BF12),FALSE))),"N/A")))*(B45-1)/(B45-2)),"N/A") | L45: =IFERROR(IF(SUMPRODUCT(ISNUMBER(BY16:BY22)*1)<3,"Need≥3",SQRT((1-(IFERROR(IF(SUMPRODUCT(ISNUMBER(BY16:BY22)*1)<2,"Need≥2",RSQ(IF(ISNUMBER(BY16:BY22),LN(BY16:BY22),FALSE),IF(ISNUMBER(BY16:BY22),LN(BF6:BF12),FALSE))),"N/A")))*VAR(IF(ISNUMBER(BY16:BY22),LN(BY16:BY22),FALSE))/((B45-2)*VAR(IF(ISNUMBER(BY16:BY22),LN(BF6:BF12),FALSE))))),"N/A") | M45: =IF(ISNUMBER(F45),IF(F45<0.85,"⚠ Check fit","OK"),"")
A46: Tm | B46: =SUMPRODUCT((ISNUMBER(V16:V22)*1)) | C46: =IFERROR(IF(SUMPRODUCT(ISNUMBER(V16:V22)*1)<2,"Need≥2",EXP(INTERCEPT(IF(ISNUMBER(V16:V22),LN(V16:V22),FALSE),IF(ISNUMBER(V16:V22),LN(B6:B12),FALSE)))),"N/A") | D46: =IFERROR(IF(SUMPRODUCT(ISNUMBER(V16:V22)*1)<2,"Need≥2",SLOPE(IF(ISNUMBER(V16:V22),LN(V16:V22),FALSE),IF(ISNUMBER(V16:V22),LN(B6:B12),FALSE))),"N/A") | E46: =IFERROR(IF(SUMPRODUCT(ISNUMBER(V16:V22)*1)<2,"Need≥2",RSQ(IF(ISNUMBER(V16:V22),LN(V16:V22),FALSE),IF(ISNUMBER(V16:V22),LN(B6:B12),FALSE))),"N/A") | F46: =IFERROR(IF(SUMPRODUCT(ISNUMBER(V16:V22)*1)<3,"Need≥3",1-(1-(IFERROR(IF(SUMPRODUCT(ISNUMBER(V16:V22)*1)<2,"Need≥2",RSQ(IF(ISNUMBER(V16:V22),LN(V16:V22),FALSE),IF(ISNUMBER(V16:V22),LN(B6:B12),FALSE))),"N/A")))*(B46-1)/(B46-2)),"N/A") | G46: =IFERROR(IF(SUMPRODUCT(ISNUMBER(V16:V22)*1)<3,"Need≥3",SQRT((1-(IFERROR(IF(SUMPRODUCT(ISNUMBER(V16:V22)*1)<2,"Need≥2",RSQ(IF(ISNUMBER(V16:V22),LN(V16:V22),FALSE),IF(ISNUMBER(V16:V22),LN(B6:B12),FALSE))),"N/A")))*VAR(IF(ISNUMBER(V16:V22),LN(V16:V22),FALSE))/((B46-2)*VAR(IF(ISNUMBER(V16:V22),LN(B6:B12),FALSE))))),"N/A") | H46: =IFERROR(IF(SUMPRODUCT(ISNUMBER(BZ16:BZ22)*1)<2,"Need≥2",EXP(INTERCEPT(IF(ISNUMBER(BZ16:BZ22),LN(BZ16:BZ22),FALSE),IF(ISNUMBER(BZ16:BZ22),LN(BF6:BF12),FALSE)))),"N/A") | I46: =IFERROR(IF(SUMPRODUCT(ISNUMBER(BZ16:BZ22)*1)<2,"Need≥2",SLOPE(IF(ISNUMBER(BZ16:BZ22),LN(BZ16:BZ22),FALSE),IF(ISNUMBER(BZ16:BZ22),LN(BF6:BF12),FALSE))),"N/A") | J46: =IFERROR(IF(SUMPRODUCT(ISNUMBER(BZ16:BZ22)*1)<2,"Need≥2",RSQ(IF(ISNUMBER(BZ16:BZ22),LN(BZ16:BZ22),FALSE),IF(ISNUMBER(BZ16:BZ22),LN(BF6:BF12),FALSE))),"N/A") | K46: =IFERROR(IF(SUMPRODUCT(ISNUMBER(BZ16:BZ22)*1)<3,"Need≥3",1-(1-(IFERROR(IF(SUMPRODUCT(ISNUMBER(BZ16:BZ22)*1)<2,"Need≥2",RSQ(IF(ISNUMBER(BZ16:BZ22),LN(BZ16:BZ22),FALSE),IF(ISNUMBER(BZ16:BZ22),LN(BF6:BF12),FALSE))),"N/A")))*(B46-1)/(B46-2)),"N/A") | L46: =IFERROR(IF(SUMPRODUCT(ISNUMBER(BZ16:BZ22)*1)<3,"Need≥3",SQRT((1-(IFERROR(IF(SUMPRODUCT(ISNUMBER(BZ16:BZ22)*1)<2,"Need≥2",RSQ(IF(ISNUMBER(BZ16:BZ22),LN(BZ16:BZ22),FALSE),IF(ISNUMBER(BZ16:BZ22),LN(BF6:BF12),FALSE))),"N/A")))*VAR(IF(ISNUMBER(BZ16:BZ22),LN(BZ16:BZ22),FALSE))/((B46-2)*VAR(IF(ISNUMBER(BZ16:BZ22),LN(BF6:BF12),FALSE))))),"N/A") | M46: =IF(ISNUMBER(F46),IF(F46<0.85,"⚠ Check fit","OK"),"")
A47: Yb | B47: =SUMPRODUCT((ISNUMBER(W16:W22)*1)) | C47: =IFERROR(IF(SUMPRODUCT(ISNUMBER(W16:W22)*1)<2,"Need≥2",EXP(INTERCEPT(IF(ISNUMBER(W16:W22),LN(W16:W22),FALSE),IF(ISNUMBER(W16:W22),LN(B6:B12),FALSE)))),"N/A") | D47: =IFERROR(IF(SUMPRODUCT(ISNUMBER(W16:W22)*1)<2,"Need≥2",SLOPE(IF(ISNUMBER(W16:W22),LN(W16:W22),FALSE),IF(ISNUMBER(W16:W22),LN(B6:B12),FALSE))),"N/A") | E47: =IFERROR(IF(SUMPRODUCT(ISNUMBER(W16:W22)*1)<2,"Need≥2",RSQ(IF(ISNUMBER(W16:W22),LN(W16:W22),FALSE),IF(ISNUMBER(W16:W22),LN(B6:B12),FALSE))),"N/A") | F47: =IFERROR(IF(SUMPRODUCT(ISNUMBER(W16:W22)*1)<3,"Need≥3",1-(1-(IFERROR(IF(SUMPRODUCT(ISNUMBER(W16:W22)*1)<2,"Need≥2",RSQ(IF(ISNUMBER(W16:W22),LN(W16:W22),FALSE),IF(ISNUMBER(W16:W22),LN(B6:B12),FALSE))),"N/A")))*(B47-1)/(B47-2)),"N/A") | G47: =IFERROR(IF(SUMPRODUCT(ISNUMBER(W16:W22)*1)<3,"Need≥3",SQRT((1-(IFERROR(IF(SUMPRODUCT(ISNUMBER(W16:W22)*1)<2,"Need≥2",RSQ(IF(ISNUMBER(W16:W22),LN(W16:W22),FALSE),IF(ISNUMBER(W16:W22),LN(B6:B12),FALSE))),"N/A")))*VAR(IF(ISNUMBER(W16:W22),LN(W16:W22),FALSE))/((B47-2)*VAR(IF(ISNUMBER(W16:W22),LN(B6:B12),FALSE))))),"N/A") | H47: =IFERROR(IF(SUMPRODUCT(ISNUMBER(CA16:CA22)*1)<2,"Need≥2",EXP(INTERCEPT(IF(ISNUMBER(CA16:CA22),LN(CA16:CA22),FALSE),IF(ISNUMBER(CA16:CA22),LN(BF6:BF12),FALSE)))),"N/A") | I47: =IFERROR(IF(SUMPRODUCT(ISNUMBER(CA16:CA22)*1)<2,"Need≥2",SLOPE(IF(ISNUMBER(CA16:CA22),LN(CA16:CA22),FALSE),IF(ISNUMBER(CA16:CA22),LN(BF6:BF12),FALSE))),"N/A") | J47: =IFERROR(IF(SUMPRODUCT(ISNUMBER(CA16:CA22)*1)<2,"Need≥2",RSQ(IF(ISNUMBER(CA16:CA22),LN(CA16:CA22),FALSE),IF(ISNUMBER(CA16:CA22),LN(BF6:BF12),FALSE))),"N/A") | K47: =IFERROR(IF(SUMPRODUCT(ISNUMBER(CA16:CA22)*1)<3,"Need≥3",1-(1-(IFERROR(IF(SUMPRODUCT(ISNUMBER(CA16:CA22)*1)<2,"Need≥2",RSQ(IF(ISNUMBER(CA16:CA22),LN(CA16:CA22),FALSE),IF(ISNUMBER(CA16:CA22),LN(BF6:BF12),FALSE))),"N/A")))*(B47-1)/(B47-2)),"N/A") | L47: =IFERROR(IF(SUMPRODUCT(ISNUMBER(CA16:CA22)*1)<3,"Need≥3",SQRT((1-(IFERROR(IF(SUMPRODUCT(ISNUMBER(CA16:CA22)*1)<2,"Need≥2",RSQ(IF(ISNUMBER(CA16:CA22),LN(CA16:CA22),FALSE),IF(ISNUMBER(CA16:CA22),LN(BF6:BF12),FALSE))),"N/A")))*VAR(IF(ISNUMBER(CA16:CA22),LN(CA16:CA22),FALSE))/((B47-2)*VAR(IF(ISNUMBER(CA16:CA22),LN(BF6:BF12),FALSE))))),"N/A") | M47: =IF(ISNUMBER(F47),IF(F47<0.85,"⚠ Check fit","OK"),"")
A48: Lu | B48: =SUMPRODUCT((ISNUMBER(X16:X22)*1)) | C48: =IFERROR(IF(SUMPRODUCT(ISNUMBER(X16:X22)*1)<2,"Need≥2",EXP(INTERCEPT(IF(ISNUMBER(X16:X22),LN(X16:X22),FALSE),IF(ISNUMBER(X16:X22),LN(B6:B12),FALSE)))),"N/A") | D48: =IFERROR(IF(SUMPRODUCT(ISNUMBER(X16:X22)*1)<2,"Need≥2",SLOPE(IF(ISNUMBER(X16:X22),LN(X16:X22),FALSE),IF(ISNUMBER(X16:X22),LN(B6:B12),FALSE))),"N/A") | E48: =IFERROR(IF(SUMPRODUCT(ISNUMBER(X16:X22)*1)<2,"Need≥2",RSQ(IF(ISNUMBER(X16:X22),LN(X16:X22),FALSE),IF(ISNUMBER(X16:X22),LN(B6:B12),FALSE))),"N/A") | F48: =IFERROR(IF(SUMPRODUCT(ISNUMBER(X16:X22)*1)<3,"Need≥3",1-(1-(IFERROR(IF(SUMPRODUCT(ISNUMBER(X16:X22)*1)<2,"Need≥2",RSQ(IF(ISNUMBER(X16:X22),LN(X16:X22),FALSE),IF(ISNUMBER(X16:X22),LN(B6:B12),FALSE))),"N/A")))*(B48-1)/(B48-2)),"N/A") | G48: =IFERROR(IF(SUMPRODUCT(ISNUMBER(X16:X22)*1)<3,"Need≥3",SQRT((1-(IFERROR(IF(SUMPRODUCT(ISNUMBER(X16:X22)*1)<2,"Need≥2",RSQ(IF(ISNUMBER(X16:X22),LN(X16:X22),FALSE),IF(ISNUMBER(X16:X22),LN(B6:B12),FALSE))),"N/A")))*VAR(IF(ISNUMBER(X16:X22),LN(X16:X22),FALSE))/((B48-2)*VAR(IF(ISNUMBER(X16:X22),LN(B6:B12),FALSE))))),"N/A") | H48: =IFERROR(IF(SUMPRODUCT(ISNUMBER(CB16:CB22)*1)<2,"Need≥2",EXP(INTERCEPT(IF(ISNUMBER(CB16:CB22),LN(CB16:CB22),FALSE),IF(ISNUMBER(CB16:CB22),LN(BF6:BF12),FALSE)))),"N/A") | I48: =IFERROR(IF(SUMPRODUCT(ISNUMBER(CB16:CB22)*1)<2,"Need≥2",SLOPE(IF(ISNUMBER(CB16:CB22),LN(CB16:CB22),FALSE),IF(ISNUMBER(CB16:CB22),LN(BF6:BF12),FALSE))),"N/A") | J48: =IFERROR(IF(SUMPRODUCT(ISNUMBER(CB16:CB22)*1)<2,"Need≥2",RSQ(IF(ISNUMBER(CB16:CB22),LN(CB16:CB22),FALSE),IF(ISNUMBER(CB16:CB22),LN(BF6:BF12),FALSE))),"N/A") | K48: =IFERROR(IF(SUMPRODUCT(ISNUMBER(CB16:CB22)*1)<3,"Need≥3",1-(1-(IFERROR(IF(SUMPRODUCT(ISNUMBER(CB16:CB22)*1)<2,"Need≥2",RSQ(IF(ISNUMBER(CB16:CB22),LN(CB16:CB22),FALSE),IF(ISNUMBER(CB16:CB22),LN(BF6:BF12),FALSE))),"N/A")))*(B48-1)/(B48-2)),"N/A") | L48: =IFERROR(IF(SUMPRODUCT(ISNUMBER(CB16:CB22)*1)<3,"Need≥3",SQRT((1-(IFERROR(IF(SUMPRODUCT(ISNUMBER(CB16:CB22)*1)<2,"Need≥2",RSQ(IF(ISNUMBER(CB16:CB22),LN(CB16:CB22),FALSE),IF(ISNUMBER(CB16:CB22),LN(BF6:BF12),FALSE))),"N/A")))*VAR(IF(ISNUMBER(CB16:CB22),LN(CB16:CB22),FALSE))/((B48-2)*VAR(IF(ISNUMBER(CB16:CB22),LN(BF6:BF12),FALSE))))),"N/A") | M48: =IF(ISNUMBER(F48),IF(F48<0.85,"⚠ Check fit","OK"),"")
A49: Hf | B49: =SUMPRODUCT((ISNUMBER(Y16:Y22)*1)) | C49: =IFERROR(IF(SUMPRODUCT(ISNUMBER(Y16:Y22)*1)<2,"Need≥2",EXP(INTERCEPT(IF(ISNUMBER(Y16:Y22),LN(Y16:Y22),FALSE),IF(ISNUMBER(Y16:Y22),LN(B6:B12),FALSE)))),"N/A") | D49: =IFERROR(IF(SUMPRODUCT(ISNUMBER(Y16:Y22)*1)<2,"Need≥2",SLOPE(IF(ISNUMBER(Y16:Y22),LN(Y16:Y22),FALSE),IF(ISNUMBER(Y16:Y22),LN(B6:B12),FALSE))),"N/A") | E49: =IFERROR(IF(SUMPRODUCT(ISNUMBER(Y16:Y22)*1)<2,"Need≥2",RSQ(IF(ISNUMBER(Y16:Y22),LN(Y16:Y22),FALSE),IF(ISNUMBER(Y16:Y22),LN(B6:B12),FALSE))),"N/A") | F49: =IFERROR(IF(SUMPRODUCT(ISNUMBER(Y16:Y22)*1)<3,"Need≥3",1-(1-(IFERROR(IF(SUMPRODUCT(ISNUMBER(Y16:Y22)*1)<2,"Need≥2",RSQ(IF(ISNUMBER(Y16:Y22),LN(Y16:Y22),FALSE),IF(ISNUMBER(Y16:Y22),LN(B6:B12),FALSE))),"N/A")))*(B49-1)/(B49-2)),"N/A") | G49: =IFERROR(IF(SUMPRODUCT(ISNUMBER(Y16:Y22)*1)<3,"Need≥3",SQRT((1-(IFERROR(IF(SUMPRODUCT(ISNUMBER(Y16:Y22)*1)<2,"Need≥2",RSQ(IF(ISNUMBER(Y16:Y22),LN(Y16:Y22),FALSE),IF(ISNUMBER(Y16:Y22),LN(B6:B12),FALSE))),"N/A")))*VAR(IF(ISNUMBER(Y16:Y22),LN(Y16:Y22),FALSE))/((B49-2)*VAR(IF(ISNUMBER(Y16:Y22),LN(B6:B12),FALSE))))),"N/A") | H49: =IFERROR(IF(SUMPRODUCT(ISNUMBER(CC16:CC22)*1)<2,"Need≥2",EXP(INTERCEPT(IF(ISNUMBER(CC16:CC22),LN(CC16:CC22),FALSE),IF(ISNUMBER(CC16:CC22),LN(BF6:BF12),FALSE)))),"N/A") | I49: =IFERROR(IF(SUMPRODUCT(ISNUMBER(CC16:CC22)*1)<2,"Need≥2",SLOPE(IF(ISNUMBER(CC16:CC22),LN(CC16:CC22),FALSE),IF(ISNUMBER(CC16:CC22),LN(BF6:BF12),FALSE))),"N/A") | J49: =IFERROR(IF(SUMPRODUCT(ISNUMBER(CC16:CC22)*1)<2,"Need≥2",RSQ(IF(ISNUMBER(CC16:CC22),LN(CC16:CC22),FALSE),IF(ISNUMBER(CC16:CC22),LN(BF6:BF12),FALSE))),"N/A") | K49: =IFERROR(IF(SUMPRODUCT(ISNUMBER(CC16:CC22)*1)<3,"Need≥3",1-(1-(IFERROR(IF(SUMPRODUCT(ISNUMBER(CC16:CC22)*1)<2,"Need≥2",RSQ(IF(ISNUMBER(CC16:CC22),LN(CC16:CC22),FALSE),IF(ISNUMBER(CC16:CC22),LN(BF6:BF12),FALSE))),"N/A")))*(B49-1)/(B49-2)),"N/A") | L49: =IFERROR(IF(SUMPRODUCT(ISNUMBER(CC16:CC22)*1)<3,"Need≥3",SQRT((1-(IFERROR(IF(SUMPRODUCT(ISNUMBER(CC16:CC22)*1)<2,"Need≥2",RSQ(IF(ISNUMBER(CC16:CC22),LN(CC16:CC22),FALSE),IF(ISNUMBER(CC16:CC22),LN(BF6:BF12),FALSE))),"N/A")))*VAR(IF(ISNUMBER(CC16:CC22),LN(CC16:CC22),FALSE))/((B49-2)*VAR(IF(ISNUMBER(CC16:CC22),LN(BF6:BF12),FALSE))))),"N/A") | M49: =IF(ISNUMBER(F49),IF(F49<0.85,"⚠ Check fit","OK"),"")
A50: Th | B50: =SUMPRODUCT((ISNUMBER(Z16:Z22)*1)) | C50: =IFERROR(IF(SUMPRODUCT(ISNUMBER(Z16:Z22)*1)<2,"Need≥2",EXP(INTERCEPT(IF(ISNUMBER(Z16:Z22),LN(Z16:Z22),FALSE),IF(ISNUMBER(Z16:Z22),LN(B6:B12),FALSE)))),"N/A") | D50: =IFERROR(IF(SUMPRODUCT(ISNUMBER(Z16:Z22)*1)<2,"Need≥2",SLOPE(IF(ISNUMBER(Z16:Z22),LN(Z16:Z22),FALSE),IF(ISNUMBER(Z16:Z22),LN(B6:B12),FALSE))),"N/A") | E50: =IFERROR(IF(SUMPRODUCT(ISNUMBER(Z16:Z22)*1)<2,"Need≥2",RSQ(IF(ISNUMBER(Z16:Z22),LN(Z16:Z22),FALSE),IF(ISNUMBER(Z16:Z22),LN(B6:B12),FALSE))),"N/A") | F50: =IFERROR(IF(SUMPRODUCT(ISNUMBER(Z16:Z22)*1)<3,"Need≥3",1-(1-(IFERROR(IF(SUMPRODUCT(ISNUMBER(Z16:Z22)*1)<2,"Need≥2",RSQ(IF(ISNUMBER(Z16:Z22),LN(Z16:Z22),FALSE),IF(ISNUMBER(Z16:Z22),LN(B6:B12),FALSE))),"N/A")))*(B50-1)/(B50-2)),"N/A") | G50: =IFERROR(IF(SUMPRODUCT(ISNUMBER(Z16:Z22)*1)<3,"Need≥3",SQRT((1-(IFERROR(IF(SUMPRODUCT(ISNUMBER(Z16:Z22)*1)<2,"Need≥2",RSQ(IF(ISNUMBER(Z16:Z22),LN(Z16:Z22),FALSE),IF(ISNUMBER(Z16:Z22),LN(B6:B12),FALSE))),"N/A")))*VAR(IF(ISNUMBER(Z16:Z22),LN(Z16:Z22),FALSE))/((B50-2)*VAR(IF(ISNUMBER(Z16:Z22),LN(B6:B12),FALSE))))),"N/A") | H50: =IFERROR(IF(SUMPRODUCT(ISNUMBER(CD16:CD22)*1)<2,"Need≥2",EXP(INTERCEPT(IF(ISNUMBER(CD16:CD22),LN(CD16:CD22),FALSE),IF(ISNUMBER(CD16:CD22),LN(BF6:BF12),FALSE)))),"N/A") | I50: =IFERROR(IF(SUMPRODUCT(ISNUMBER(CD16:CD22)*1)<2,"Need≥2",SLOPE(IF(ISNUMBER(CD16:CD22),LN(CD16:CD22),FALSE),IF(ISNUMBER(CD16:CD22),LN(BF6:BF12),FALSE))),"N/A") | J50: =IFERROR(IF(SUMPRODUCT(ISNUMBER(CD16:CD22)*1)<2,"Need≥2",RSQ(IF(ISNUMBER(CD16:CD22),LN(CD16:CD22),FALSE),IF(ISNUMBER(CD16:CD22),LN(BF6:BF12),FALSE))),"N/A") | K50: =IFERROR(IF(SUMPRODUCT(ISNUMBER(CD16:CD22)*1)<3,"Need≥3",1-(1-(IFERROR(IF(SUMPRODUCT(ISNUMBER(CD16:CD22)*1)<2,"Need≥2",RSQ(IF(ISNUMBER(CD16:CD22),LN(CD16:CD22),FALSE),IF(ISNUMBER(CD16:CD22),LN(BF6:BF12),FALSE))),"N/A")))*(B50-1)/(B50-2)),"N/A") | L50: =IFERROR(IF(SUMPRODUCT(ISNUMBER(CD16:CD22)*1)<3,"Need≥3",SQRT((1-(IFERROR(IF(SUMPRODUCT(ISNUMBER(CD16:CD22)*1)<2,"Need≥2",RSQ(IF(ISNUMBER(CD16:CD22),LN(CD16:CD22),FALSE),IF(ISNUMBER(CD16:CD22),LN(BF6:BF12),FALSE))),"N/A")))*VAR(IF(ISNUMBER(CD16:CD22),LN(CD16:CD22),FALSE))/((B50-2)*VAR(IF(ISNUMBER(CD16:CD22),LN(BF6:BF12),FALSE))))),"N/A") | M50: =IF(ISNUMBER(F50),IF(F50<0.85,"⚠ Check fit","OK"),"")
A51: U | B51: =SUMPRODUCT((ISNUMBER(AA16:AA22)*1)) | C51: =IFERROR(IF(SUMPRODUCT(ISNUMBER(AA16:AA22)*1)<2,"Need≥2",EXP(INTERCEPT(IF(ISNUMBER(AA16:AA22),LN(AA16:AA22),FALSE),IF(ISNUMBER(AA16:AA22),LN(B6:B12),FALSE)))),"N/A") | D51: =IFERROR(IF(SUMPRODUCT(ISNUMBER(AA16:AA22)*1)<2,"Need≥2",SLOPE(IF(ISNUMBER(AA16:AA22),LN(AA16:AA22),FALSE),IF(ISNUMBER(AA16:AA22),LN(B6:B12),FALSE))),"N/A") | E51: =IFERROR(IF(SUMPRODUCT(ISNUMBER(AA16:AA22)*1)<2,"Need≥2",RSQ(IF(ISNUMBER(AA16:AA22),LN(AA16:AA22),FALSE),IF(ISNUMBER(AA16:AA22),LN(B6:B12),FALSE))),"N/A") | F51: =IFERROR(IF(SUMPRODUCT(ISNUMBER(AA16:AA22)*1)<3,"Need≥3",1-(1-(IFERROR(IF(SUMPRODUCT(ISNUMBER(AA16:AA22)*1)<2,"Need≥2",RSQ(IF(ISNUMBER(AA16:AA22),LN(AA16:AA22),FALSE),IF(ISNUMBER(AA16:AA22),LN(B6:B12),FALSE))),"N/A")))*(B51-1)/(B51-2)),"N/A") | G51: =IFERROR(IF(SUMPRODUCT(ISNUMBER(AA16:AA22)*1)<3,"Need≥3",SQRT((1-(IFERROR(IF(SUMPRODUCT(ISNUMBER(AA16:AA22)*1)<2,"Need≥2",RSQ(IF(ISNUMBER(AA16:AA22),LN(AA16:AA22),FALSE),IF(ISNUMBER(AA16:AA22),LN(B6:B12),FALSE))),"N/A")))*VAR(IF(ISNUMBER(AA16:AA22),LN(AA16:AA22),FALSE))/((B51-2)*VAR(IF(ISNUMBER(AA16:AA22),LN(B6:B12),FALSE))))),"N/A") | H51: =IFERROR(IF(SUMPRODUCT(ISNUMBER(CE16:CE22)*1)<2,"Need≥2",EXP(INTERCEPT(IF(ISNUMBER(CE16:CE22),LN(CE16:CE22),FALSE),IF(ISNUMBER(CE16:CE22),LN(BF6:BF12),FALSE)))),"N/A") | I51: =IFERROR(IF(SUMPRODUCT(ISNUMBER(CE16:CE22)*1)<2,"Need≥2",SLOPE(IF(ISNUMBER(CE16:CE22),LN(CE16:CE22),FALSE),IF(ISNUMBER(CE16:CE22),LN(BF6:BF12),FALSE))),"N/A") | J51: =IFERROR(IF(SUMPRODUCT(ISNUMBER(CE16:CE22)*1)<2,"Need≥2",RSQ(IF(ISNUMBER(CE16:CE22),LN(CE16:CE22),FALSE),IF(ISNUMBER(CE16:CE22),LN(BF6:BF12),FALSE))),"N/A") | K51: =IFERROR(IF(SUMPRODUCT(ISNUMBER(CE16:CE22)*1)<3,"Need≥3",1-(1-(IFERROR(IF(SUMPRODUCT(ISNUMBER(CE16:CE22)*1)<2,"Need≥2",RSQ(IF(ISNUMBER(CE16:CE22),LN(CE16:CE22),FALSE),IF(ISNUMBER(CE16:CE22),LN(BF6:BF12),FALSE))),"N/A")))*(B51-1)/(B51-2)),"N/A") | L51: =IFERROR(IF(SUMPRODUCT(ISNUMBER(CE16:CE22)*1)<3,"Need≥3",SQRT((1-(IFERROR(IF(SUMPRODUCT(ISNUMBER(CE16:CE22)*1)<2,"Need≥2",RSQ(IF(ISNUMBER(CE16:CE22),LN(CE16:CE22),FALSE),IF(ISNUMBER(CE16:CE22),LN(BF6:BF12),FALSE))),"N/A")))*VAR(IF(ISNUMBER(CE16:CE22),LN(CE16:CE22),FALSE))/((B51-2)*VAR(IF(ISNUMBER(CE16:CE22),LN(BF6:BF12),FALSE))))),"N/A") | M51: =IF(ISNUMBER(F51),IF(F51<0.85,"⚠ Check fit","OK"),"")
A54: Charts above: U, Th, Hf, Zr (key elements). All 26 regressions computed in the summary table above.

Sheet SX Model
A1: STEADY-STATE SX SIMULATION — Primene JMT / H₂SO₄ Loading / HNO₃ Stripping — 26 Elements: Al Sc Fe Co Zn Ga Rb Y Zr La Ce Pr Nd Sm Eu Gd Tb Dy Ho Er Tm Yb Lu Hf Th U
A2: INPUT | D2: CALC | G2: STEP | J2: OUTPUT | M2: REF
A4: TDMA SOLVER — INPUT PANELS
A5: PANEL A — General Inputs | D5: PANEL B — Distribution Coefficients (live-linked from Regression) | J5: PANEL C — Feed Conc. (g/L) | N5: PANEL D — Results Summary | Q5: PANEL E — O/A Ratio Tracker
A6: n_ext (extraction stages) | B6: 3 | D6: Element | E6: P_load | F6: Q_load | G6: P_strip | H6: Q_strip | I6: Note | J6: Element | K6: X_feed (g/L) | L6: MW (g/mol) | N6: Metric | O6: Value (g/L) | Q6: Section | R6: O/A | S6: Note
A7: n_scr (scrub stages) | B7: 0 | D7: Al | E7: =IFERROR(IF(ISNUMBER(Regression!$C$26),Regression!$C$26,1.0),1.0) | F7: =IFERROR(IF(ISNUMBER(Regression!$D$26),Regression!$D$26,-1.0),-1.0) | G7: =IFERROR(IF(ISNUMBER(Regression!$H$26),Regression!$H$26,1.0),1.0) | H7: =IFERROR(IF(ISNUMBER(Regression!$I$26),Regression!$I$26,-1.2),-1.2) | I7: → regression | J7: Al | K7: 0.1 | L7: 26.98 | N7: Raffinate Al | O7: =HB91 | Q7: Extraction | R7: =$B$14/$B$12 | S7: O/F
A8: n_str (strip stages) | B8: 2 | D8: Sc | E8: =IFERROR(IF(ISNUMBER(Regression!$C$27),Regression!$C$27,1.0),1.0) | F8: =IFERROR(IF(ISNUMBER(Regression!$D$27),Regression!$D$27,-1.0),-1.0) | G8: =IFERROR(IF(ISNUMBER(Regression!$H$27),Regression!$H$27,1.0),1.0) | H8: =IFERROR(IF(ISNUMBER(Regression!$I$27),Regression!$I$27,-1.2),-1.2) | I8: → regression | J8: Sc | K8: 0.1 | L8: 44.96 | N8: Loaded Org Al | O8: =IFERROR(INDEX(I91:I115,$B$6),0) | Q8: Scrub | R8: =$B$14/MAX($B$13*$B$15,0.0001) | S8: O/(S·R)
A9: [H₂SO₄] Extraction (N) | B9: 0.5 | D9: Fe | E9: =IFERROR(IF(ISNUMBER(Regression!$C$28),Regression!$C$28,1.0),1.0) | F9: =IFERROR(IF(ISNUMBER(Regression!$D$28),Regression!$D$28,-1.0),-1.0) | G9: =IFERROR(IF(ISNUMBER(Regression!$H$28),Regression!$H$28,1.0),1.0) | H9: =IFERROR(IF(ISNUMBER(Regression!$I$28),Regression!$I$28,-1.2),-1.2) | I9: → regression | J9: Fe | K9: 0.1 | L9: 55.85 | N9: Pregnant Al | O9: =IFERROR(INDEX(HB91:HB115,$B$6+$B$7+$B$8),0) | Q9: Strip | R9: =$B$14/$B$13 | S9: O/S
A10: [H₂SO₄] Scrub (N) | B10: 1 | D10: Co | E10: =IFERROR(IF(ISNUMBER(Regression!$C$29),Regression!$C$29,1.0),1.0) | F10: =IFERROR(IF(ISNUMBER(Regression!$D$29),Regression!$D$29,-1.0),-1.0) | G10: =IFERROR(IF(ISNUMBER(Regression!$H$29),Regression!$H$29,1.0),1.0) | H10: =IFERROR(IF(ISNUMBER(Regression!$I$29),Regression!$I$29,-1.2),-1.2) | I10: → regression | J10: Co | K10: 0.1 | L10: 58.93 | N10: Raffinate Sc | O10: =HC91
A11: [HNO₃] Strip (N) | B11: 4 | D11: Zn | E11: =IFERROR(IF(ISNUMBER(Regression!$C$30),Regression!$C$30,1.0),1.0) | F11: =IFERROR(IF(ISNUMBER(Regression!$D$30),Regression!$D$30,-1.0),-1.0) | G11: =IFERROR(IF(ISNUMBER(Regression!$H$30),Regression!$H$30,1.0),1.0) | H11: =IFERROR(IF(ISNUMBER(Regression!$I$30),Regression!$I$30,-1.2),-1.2) | I11: → regression | J11: Zn | K11: 0.1 | L11: 65.38 | N11: Loaded Org Sc | O11: =IFERROR(INDEX(Q91:Q115,$B$6),0)
A12: F — Feed flow aq (L/min) | B12: 1 | D12: Ga | E12: =IFERROR(IF(ISNUMBER(Regression!$C$31),Regression!$C$31,1.0),1.0) | F12: =IFERROR(IF(ISNUMBER(Regression!$D$31),Regression!$D$31,-1.0),-1.0) | G12: =IFERROR(IF(ISNUMBER(Regression!$H$31),Regression!$H$31,1.0),1.0) | H12: =IFERROR(IF(ISNUMBER(Regression!$I$31),Regression!$I$31,-1.2),-1.2) | I12: → regression | J12: Ga | K12: 0.1 | L12: 69.72 | N12: Pregnant Sc | O12: =IFERROR(INDEX(HC91:HC115,$B$6+$B$7+$B$8),0)
A13: S — Strip flow aq (L/min) | B13: 1 | D13: Rb | E13: =IFERROR(IF(ISNUMBER(Regression!$C$32),Regression!$C$32,1.0),1.0) | F13: =IFERROR(IF(ISNUMBER(Regression!$D$32),Regression!$D$32,-1.0),-1.0) | G13: =IFERROR(IF(ISNUMBER(Regression!$H$32),Regression!$H$32,1.0),1.0) | H13: =IFERROR(IF(ISNUMBER(Regression!$I$32),Regression!$I$32,-1.2),-1.2) | I13: → regression | J13: Rb | K13: 0.1 | L13: 85.47 | N13: Raffinate Fe | O13: =HD91
A14: O — Org flow (L/min) | B14: 1 | D14: Y | E14: =IFERROR(IF(ISNUMBER(Regression!$C$33),Regression!$C$33,1.0),1.0) | F14: =IFERROR(IF(ISNUMBER(Regression!$D$33),Regression!$D$33,-1.0),-1.0) | G14: =IFERROR(IF(ISNUMBER(Regression!$H$33),Regression!$H$33,1.0),1.0) | H14: =IFERROR(IF(ISNUMBER(Regression!$I$33),Regression!$I$33,-1.2),-1.2) | I14: → regression | J14: Y | K14: 0.2 | L14: 88.91 | N14: Loaded Org Fe | O14: =IFERROR(INDEX(Y91:Y115,$B$6),0)
A15: R — Recycle ratio | B15: 0 | D15: Zr | E15: =IFERROR(IF(ISNUMBER(Regression!$C$34),Regression!$C$34,1.0),1.0) | F15: =IFERROR(IF(ISNUMBER(Regression!$D$34),Regression!$D$34,-1.0),-1.0) | G15: =IFERROR(IF(ISNUMBER(Regression!$H$34),Regression!$H$34,1.0),1.0) | H15: =IFERROR(IF(ISNUMBER(Regression!$I$34),Regression!$I$34,-1.2),-1.2) | I15: → regression | J15: Zr | K15: 1 | L15: 91.22 | N15: Pregnant Fe | O15: =IFERROR(INDEX(HD91:HD115,$B$6+$B$7+$B$8),0)
D16: La | E16: =IFERROR(IF(ISNUMBER(Regression!$C$35),Regression!$C$35,1.0),1.0) | F16: =IFERROR(IF(ISNUMBER(Regression!$D$35),Regression!$D$35,-1.0),-1.0) | G16: =IFERROR(IF(ISNUMBER(Regression!$H$35),Regression!$H$35,1.0),1.0) | H16: =IFERROR(IF(ISNUMBER(Regression!$I$35),Regression!$I$35,-1.2),-1.2) | I16: → regression | J16: La | K16: 0.5 | L16: 138.91 | N16: Raffinate Co | O16: =HE91
D17: Ce | E17: =IFERROR(IF(ISNUMBER(Regression!$C$36),Regression!$C$36,1.0),1.0) | F17: =IFERROR(IF(ISNUMBER(Regression!$D$36),Regression!$D$36,-1.0),-1.0) | G17: =IFERROR(IF(ISNUMBER(Regression!$H$36),Regression!$H$36,1.0),1.0) | H17: =IFERROR(IF(ISNUMBER(Regression!$I$36),Regression!$I$36,-1.2),-1.2) | I17: → regression | J17: Ce | K17: 0.5 | L17: 140.12 | N17: Loaded Org Co | O17: =IFERROR(INDEX(AG91:AG115,$B$6),0)
D18: Pr | E18: =IFERROR(IF(ISNUMBER(Regression!$C$37),Regression!$C$37,1.0),1.0) | F18: =IFERROR(IF(ISNUMBER(Regression!$D$37),Regression!$D$37,-1.0),-1.0) | G18: =IFERROR(IF(ISNUMBER(Regression!$H$37),Regression!$H$37,1.0),1.0) | H18: =IFERROR(IF(ISNUMBER(Regression!$I$37),Regression!$I$37,-1.2),-1.2) | I18: → regression | J18: Pr | K18: 0.1 | L18: 140.91 | N18: Pregnant Co | O18: =IFERROR(INDEX(HE91:HE115,$B$6+$B$7+$B$8),0)
D19: Nd | E19: =IFERROR(IF(ISNUMBER(Regression!$C$38),Regression!$C$38,1.0),1.0) | F19: =IFERROR(IF(ISNUMBER(Regression!$D$38),Regression!$D$38,-1.0),-1.0) | G19: =IFERROR(IF(ISNUMBER(Regression!$H$38),Regression!$H$38,1.0),1.0) | H19: =IFERROR(IF(ISNUMBER(Regression!$I$38),Regression!$I$38,-1.2),-1.2) | I19: → regression | J19: Nd | K19: 0.3 | L19: 144.24 | N19: Raffinate Zn | O19: =HF91
D20: Sm | E20: =IFERROR(IF(ISNUMBER(Regression!$C$39),Regression!$C$39,1.0),1.0) | F20: =IFERROR(IF(ISNUMBER(Regression!$D$39),Regression!$D$39,-1.0),-1.0) | G20: =IFERROR(IF(ISNUMBER(Regression!$H$39),Regression!$H$39,1.0),1.0) | H20: =IFERROR(IF(ISNUMBER(Regression!$I$39),Regression!$I$39,-1.2),-1.2) | I20: → regression | J20: Sm | K20: 0.1 | L20: 150.36 | N20: Loaded Org Zn | O20: =IFERROR(INDEX(AO91:AO115,$B$6),0)
D21: Eu | E21: =IFERROR(IF(ISNUMBER(Regression!$C$40),Regression!$C$40,1.0),1.0) | F21: =IFERROR(IF(ISNUMBER(Regression!$D$40),Regression!$D$40,-1.0),-1.0) | G21: =IFERROR(IF(ISNUMBER(Regression!$H$40),Regression!$H$40,1.0),1.0) | H21: =IFERROR(IF(ISNUMBER(Regression!$I$40),Regression!$I$40,-1.2),-1.2) | I21: → regression | J21: Eu | K21: 0.1 | L21: 151.96 | N21: Pregnant Zn | O21: =IFERROR(INDEX(HF91:HF115,$B$6+$B$7+$B$8),0)
D22: Gd | E22: =IFERROR(IF(ISNUMBER(Regression!$C$41),Regression!$C$41,1.0),1.0) | F22: =IFERROR(IF(ISNUMBER(Regression!$D$41),Regression!$D$41,-1.0),-1.0) | G22: =IFERROR(IF(ISNUMBER(Regression!$H$41),Regression!$H$41,1.0),1.0) | H22: =IFERROR(IF(ISNUMBER(Regression!$I$41),Regression!$I$41,-1.2),-1.2) | I22: → regression | J22: Gd | K22: 0.1 | L22: 157.25 | N22: Raffinate Ga | O22: =HG91
D23: Tb | E23: =IFERROR(IF(ISNUMBER(Regression!$C$42),Regression!$C$42,1.0),1.0) | F23: =IFERROR(IF(ISNUMBER(Regression!$D$42),Regression!$D$42,-1.0),-1.0) | G23: =IFERROR(IF(ISNUMBER(Regression!$H$42),Regression!$H$42,1.0),1.0) | H23: =IFERROR(IF(ISNUMBER(Regression!$I$42),Regression!$I$42,-1.2),-1.2) | I23: → regression | J23: Tb | K23: 0.1 | L23: 158.93 | N23: Loaded Org Ga | O23: =IFERROR(INDEX(AW91:AW115,$B$6),0)
D24: Dy | E24: =IFERROR(IF(ISNUMBER(Regression!$C$43),Regression!$C$43,1.0),1.0) | F24: =IFERROR(IF(ISNUMBER(Regression!$D$43),Regression!$D$43,-1.0),-1.0) | G24: =IFERROR(IF(ISNUMBER(Regression!$H$43),Regression!$H$43,1.0),1.0) | H24: =IFERROR(IF(ISNUMBER(Regression!$I$43),Regression!$I$43,-1.2),-1.2) | I24: → regression | J24: Dy | K24: 0.1 | L24: 162.5 | N24: Pregnant Ga | O24: =IFERROR(INDEX(HG91:HG115,$B$6+$B$7+$B$8),0)
D25: Ho | E25: =IFERROR(IF(ISNUMBER(Regression!$C$44),Regression!$C$44,1.0),1.0) | F25: =IFERROR(IF(ISNUMBER(Regression!$D$44),Regression!$D$44,-1.0),-1.0) | G25: =IFERROR(IF(ISNUMBER(Regression!$H$44),Regression!$H$44,1.0),1.0) | H25: =IFERROR(IF(ISNUMBER(Regression!$I$44),Regression!$I$44,-1.2),-1.2) | I25: → regression | J25: Ho | K25: 0.1 | L25: 164.93 | N25: Raffinate Rb | O25: =HH91
D26: Er | E26: =IFERROR(IF(ISNUMBER(Regression!$C$45),Regression!$C$45,1.0),1.0) | F26: =IFERROR(IF(ISNUMBER(Regression!$D$45),Regression!$D$45,-1.0),-1.0) | G26: =IFERROR(IF(ISNUMBER(Regression!$H$45),Regression!$H$45,1.0),1.0) | H26: =IFERROR(IF(ISNUMBER(Regression!$I$45),Regression!$I$45,-1.2),-1.2) | I26: → regression | J26: Er | K26: 0.1 | L26: 167.26 | N26: Loaded Org Rb | O26: =IFERROR(INDEX(BE91:BE115,$B$6),0)
D27: Tm | E27: =IFERROR(IF(ISNUMBER(Regression!$C$46),Regression!$C$46,1.0),1.0) | F27: =IFERROR(IF(ISNUMBER(Regression!$D$46),Regression!$D$46,-1.0),-1.0) | G27: =IFERROR(IF(ISNUMBER(Regression!$H$46),Regression!$H$46,1.0),1.0) | H27: =IFERROR(IF(ISNUMBER(Regression!$I$46),Regression!$I$46,-1.2),-1.2) | I27: → regression | J27: Tm | K27: 0.1 | L27: 168.93 | N27: Pregnant Rb | O27: =IFERROR(INDEX(HH91:HH115,$B$6+$B$7+$B$8),0)
D28: Yb | E28: =IFERROR(IF(ISNUMBER(Regression!$C$47),Regression!$C$47,1.0),1.0) | F28: =IFERROR(IF(ISNUMBER(Regression!$D$47),Regression!$D$47,-1.0),-1.0) | G28: =IFERROR(IF(ISNUMBER(Regression!$H$47),Regression!$H$47,1.0),1.0) | H28: =IFERROR(IF(ISNUMBER(Regression!$I$47),Regression!$I$47,-1.2),-1.2) | I28: → regression | J28: Yb | K28: 0.1 | L28: 173.04 | N28: Raffinate Y | O28: =HI91
D29: Lu | E29: =IFERROR(IF(ISNUMBER(Regression!$C$48),Regression!$C$48,1.0),1.0) | F29: =IFERROR(IF(ISNUMBER(Regression!$D$48),Regression!$D$48,-1.0),-1.0) | G29: =IFERROR(IF(ISNUMBER(Regression!$H$48),Regression!$H$48,1.0),1.0) | H29: =IFERROR(IF(ISNUMBER(Regression!$I$48),Regression!$I$48,-1.2),-1.2) | I29: → regression | J29: Lu | K29: 0.1 | L29: 174.97 | N29: Loaded Org Y | O29: =IFERROR(INDEX(BM91:BM115,$B$6),0)
D30: Hf | E30: =IFERROR(IF(ISNUMBER(Regression!$C$49),Regression!$C$49,1.0),1.0) | F30: =IFERROR(IF(ISNUMBER(Regression!$D$49),Regression!$D$49,-1.0),-1.0) | G30: =IFERROR(IF(ISNUMBER(Regression!$H$49),Regression!$H$49,1.0),1.0) | H30: =IFERROR(IF(ISNUMBER(Regression!$I$49),Regression!$I$49,-1.2),-1.2) | I30: → regression | J30: Hf | K30: 0.5 | L30: 178.49 | N30: Pregnant Y | O30: =IFERROR(INDEX(HI91:HI115,$B$6+$B$7+$B$8),0)
D31: Th | E31: =IFERROR(IF(ISNUMBER(Regression!$C$50),Regression!$C$50,1.0),1.0) | F31: =IFERROR(IF(ISNUMBER(Regression!$D$50),Regression!$D$50,-1.0),-1.0) | G31: =IFERROR(IF(ISNUMBER(Regression!$H$50),Regression!$H$50,1.0),1.0) | H31: =IFERROR(IF(ISNUMBER(Regression!$I$50),Regression!$I$50,-1.2),-1.2) | I31: → regression | J31: Th | K31: 2 | L31: 232.04 | N31: Raffinate Zr | O31: =HJ91
D32: U | E32: =IFERROR(IF(ISNUMBER(Regression!$C$51),Regression!$C$51,1.0),1.0) | F32: =IFERROR(IF(ISNUMBER(Regression!$D$51),Regression!$D$51,-1.0),-1.0) | G32: =IFERROR(IF(ISNUMBER(Regression!$H$51),Regression!$H$51,1.0),1.0) | H32: =IFERROR(IF(ISNUMBER(Regression!$I$51),Regression!$I$51,-1.2),-1.2) | I32: → regression | J32: U | K32: 5 | L32: 238.03 | N32: Loaded Org Zr | O32: =IFERROR(INDEX(BU91:BU115,$B$6),0)
N33: Pregnant Zr | O33: =IFERROR(INDEX(HJ91:HJ115,$B$6+$B$7+$B$8),0)
N34: Raffinate La | O34: =HK91
N35: Loaded Org La | O35: =IFERROR(INDEX(CC91:CC115,$B$6),0)
N36: Pregnant La | O36: =IFERROR(INDEX(HK91:HK115,$B$6+$B$7+$B$8),0)
N37: Raffinate Ce | O37: =HL91
N38: Loaded Org Ce | O38: =IFERROR(INDEX(CK91:CK115,$B$6),0)
N39: Pregnant Ce | O39: =IFERROR(INDEX(HL91:HL115,$B$6+$B$7+$B$8),0)
N40: Raffinate Pr | O40: =HM91
N41: Loaded Org Pr | O41: =IFERROR(INDEX(CS91:CS115,$B$6),0)
N42: Pregnant Pr | O42: =IFERROR(INDEX(HM91:HM115,$B$6+$B$7+$B$8),0)
N43: Raffinate Nd | O43: =HN91
N44: Loaded Org Nd | O44: =IFERROR(INDEX(DA91:DA115,$B$6),0)
N45: Pregnant Nd | O45: =IFERROR(INDEX(HN91:HN115,$B$6+$B$7+$B$8),0)
N46: Raffinate Sm | O46: =HO91
N47: Loaded Org Sm | O47: =IFERROR(INDEX(DI91:DI115,$B$6),0)
N48: Pregnant Sm | O48: =IFERROR(INDEX(HO91:HO115,$B$6+$B$7+$B$8),0)
N49: Raffinate Eu | O49: =HP91
N50: Loaded Org Eu | O50: =IFERROR(INDEX(DQ91:DQ115,$B$6),0)
N51: Pregnant Eu | O51: =IFERROR(INDEX(HP91:HP115,$B$6+$B$7+$B$8),0)
N52: Raffinate Gd | O52: =HQ91
N53: Loaded Org Gd | O53: =IFERROR(INDEX(DY91:DY115,$B$6),0)
N54: Pregnant Gd | O54: =IFERROR(INDEX(HQ91:HQ115,$B$6+$B$7+$B$8),0)
N55: Raffinate Tb | O55: =HR91
N56: Loaded Org Tb | O56: =IFERROR(INDEX(EG91:EG115,$B$6),0)
N57: Pregnant Tb | O57: =IFERROR(INDEX(HR91:HR115,$B$6+$B$7+$B$8),0)
N58: Raffinate Dy | O58: =HS91
N59: Loaded Org Dy | O59: =IFERROR(INDEX(EO91:EO115,$B$6),0)
N60: Pregnant Dy | O60: =IFERROR(INDEX(HS91:HS115,$B$6+$B$7+$B$8),0)
N61: Raffinate Ho | O61: =HT91
N62: Loaded Org Ho | O62: =IFERROR(INDEX(EW91:EW115,$B$6),0)
N63: Pregnant Ho | O63: =IFERROR(INDEX(HT91:HT115,$B$6+$B$7+$B$8),0)
N64: Raffinate Er | O64: =HU91
N65: Loaded Org Er | O65: =IFERROR(INDEX(FE91:FE115,$B$6),0)
N66: Pregnant Er | O66: =IFERROR(INDEX(HU91:HU115,$B$6+$B$7+$B$8),0)
N67: Raffinate Tm | O67: =HV91
N68: Loaded Org Tm | O68: =IFERROR(INDEX(FM91:FM115,$B$6),0)
N69: Pregnant Tm | O69: =IFERROR(INDEX(HV91:HV115,$B$6+$B$7+$B$8),0)
N70: Raffinate Yb | O70: =HW91
N71: Loaded Org Yb | O71: =IFERROR(INDEX(FU91:FU115,$B$6),0)
N72: Pregnant Yb | O72: =IFERROR(INDEX(HW91:HW115,$B$6+$B$7+$B$8),0)
N73: Raffinate Lu | O73: =HX91
N74: Loaded Org Lu | O74: =IFERROR(INDEX(GC91:GC115,$B$6),0)
N75: Pregnant Lu | O75: =IFERROR(INDEX(HX91:HX115,$B$6+$B$7+$B$8),0)
N76: Raffinate Hf | O76: =HY91
N77: Loaded Org Hf | O77: =IFERROR(INDEX(GK91:GK115,$B$6),0)
N78: Pregnant Hf | O78: =IFERROR(INDEX(HY91:HY115,$B$6+$B$7+$B$8),0)
N79: Raffinate Th | O79: =HZ91
N80: Loaded Org Th | O80: =IFERROR(INDEX(GS91:GS115,$B$6),0)
N81: Pregnant Th | O81: =IFERROR(INDEX(HZ91:HZ115,$B$6+$B$7+$B$8),0)
N82: Raffinate U | O82: =IA91
N83: Loaded Org U | O83: =IFERROR(INDEX(HA91:HA115,$B$6),0)
N84: Pregnant U | O84: =IFERROR(INDEX(IA91:IA115,$B$6+$B$7+$B$8),0)
A88: TDMA SOLVER — 25 STAGES × 26 ELEMENTS
A89: Stage | B89: Al | J89: Sc | R89: Fe | Z89: Co | AH89: Zn | AP89: Ga | AX89: Rb | BF89: Y | BN89: Zr | BV89: La | CD89: Ce | CL89: Pr | CT89: Nd | DB89: Sm | DJ89: Eu | DR89: Gd | DZ89: Tb | EH89: Dy | EP89: Ho | EX89: Er | FF89: Tm | FN89: Yb | FV89: Lu | GD89: Hf | GL89: Th | GT89: U | HB89: x_aq Al | HC89: x_aq Sc | HD89: x_aq Fe | HE89: x_aq Co | HF89: x_aq Zn | HG89: x_aq Ga | HH89: x_aq Rb | HI89: x_aq Y | HJ89: x_aq Zr | HK89: x_aq La | HL89: x_aq Ce | HM89: x_aq Pr | HN89: x_aq Nd | HO89: x_aq Sm | HP89: x_aq Eu | HQ89: x_aq Gd | HR89: x_aq Tb | HS89: x_aq Dy | HT89: x_aq Ho | HU89: x_aq Er | HV89: x_aq Tm | HW89: x_aq Yb | HX89: x_aq Lu | HY89: x_aq Hf | HZ89: x_aq Th | IA89: x_aq U | IB89: ΣOrg | IC89: ΣAq
B90: D_n | C90: a_n | D90: b_n | E90: c_n | F90: d_n | G90: c'_n | H90: d'_n | I90: y_org | J90: D_n | K90: a_n | L90: b_n | M90: c_n | N90: d_n | O90: c'_n | P90: d'_n | Q90: y_org | R90: D_n | S90: a_n | T90: b_n | U90: c_n | V90: d_n | W90: c'_n | X90: d'_n | Y90: y_org | Z90: D_n | AA90: a_n | AB90: b_n | AC90: c_n | AD90: d_n | AE90: c'_n | AF90: d'_n | AG90: y_org | AH90: D_n | AI90: a_n | AJ90: b_n | AK90: c_n | AL90: d_n | AM90: c'_n | AN90: d'_n | AO90: y_org | AP90: D_n | AQ90: a_n | AR90: b_n | AS90: c_n | AT90: d_n | AU90: c'_n | AV90: d'_n | AW90: y_org | AX90: D_n | AY90: a_n | AZ90: b_n | BA90: c_n | BB90: d_n | BC90: c'_n | BD90: d'_n | BE90: y_org | BF90: D_n | BG90: a_n | BH90: b_n | BI90: c_n | BJ90: d_n | BK90: c'_n | BL90: d'_n | BM90: y_org | BN90: D_n | BO90: a_n | BP90: b_n | BQ90: c_n | BR90: d_n | BS90: c'_n | BT90: d'_n | BU90: y_org | BV90: D_n | BW90: a_n | BX90: b_n | BY90: c_n | BZ90: d_n | CA90: c'_n | CB90: d'_n | CC90: y_org | CD90: D_n | CE90: a_n | CF90: b_n | CG90: c_n | CH90: d_n | CI90: c'_n | CJ90: d'_n | CK90: y_org | CL90: D_n | CM90: a_n | CN90: b_n | CO90: c_n | CP90: d_n | CQ90: c'_n | CR90: d'_n | CS90: y_org | CT90: D_n | CU90: a_n | CV90: b_n | CW90: c_n | CX90: d_n | CY90: c'_n | CZ90: d'_n | DA90: y_org | DB90: D_n | DC90: a_n | DD90: b_n | DE90: c_n | DF90: d_n | DG90: c'_n | DH90: d'_n | DI90: y_org | DJ90: D_n | DK90: a_n | DL90: b_n | DM90: c_n | DN90: d_n | DO90: c'_n | DP90: d'_n | DQ90: y_org | DR90: D_n | DS90: a_n | DT90: b_n | DU90: c_n | DV90: d_n | DW90: c'_n | DX90: d'_n | DY90: y_org | DZ90: D_n | EA90: a_n | EB90: b_n | EC90: c_n | ED90: d_n | EE90: c'_n | EF90: d'_n | EG90: y_org | EH90: D_n | EI90: a_n | EJ90: b_n | EK90: c_n | EL90: d_n | EM90: c'_n | EN90: d'_n | EO90: y_org | EP90: D_n | EQ90: a_n | ER90: b_n | ES90: c_n | ET90: d_n | EU90: c'_n | EV90: d'_n | EW90: y_org | EX90: D_n | EY90: a_n | EZ90: b_n | FA90: c_n | FB90: d_n | FC90: c'_n | FD90: d'_n | FE90: y_org | FF90: D_n | FG90: a_n | FH90: b_n | FI90: c_n | FJ90: d_n | FK90: c'_n | FL90: d'_n | FM90: y_org | FN90: D_n | FO90: a_n | FP90: b_n | FQ90: c_n | FR90: d_n | FS90: c'_n | FT90: d'_n | FU90: y_org | FV90: D_n | FW90: a_n | FX90: b_n | FY90: c_n | FZ90: d_n | GA90: c'_n | GB90: d'_n | GC90: y_org | GD90: D_n | GE90: a_n | GF90: b_n | GG90: c_n | GH90: d_n | GI90: c'_n | GJ90: d'_n | GK90: y_org | GL90: D_n | GM90: a_n | GN90: b_n | GO90: c_n | GP90: d_n | GQ90: c'_n | GR90: d'_n | GS90: y_org | GT90: D_n | GU90: a_n | GV90: b_n | GW90: c_n | GX90: d_n | GY90: c'_n | GZ90: d'_n | HA90: y_org
A91: 1 | B91: =IF(1>$B$6+$B$7,$G$7*$B$11^$H$7,$E$7*$B$9^$F$7) | C91: =IF(1=1,0,$B$14) | D91: =-($B$14+(IF(1<=$B$6,$B$13*$B$15+$B$12,IF(1<=$B$6+$B$7,$B$13*$B$15,$B$13)))/B91) | E91: =IF(1=$B$6+$B$7,0,IF(1>$B$6+$B$7,$B$13/B92,IF(1>=$B$6,$B$13*$B$15/B92,($B$13*$B$15+$B$12)/B92))) | F91: =IF(1=$B$6,-$K$7*$B$12,0) | G91: =E91/D91 | H91: =F91/D91 | I91: =H91-G91*I92 | J91: =IF(1>$B$6+$B$7,$G$8*$B$11^$H$8,$E$8*$B$9^$F$8) | K91: =IF(1=1,0,$B$14) | L91: =-($B$14+(IF(1<=$B$6,$B$13*$B$15+$B$12,IF(1<=$B$6+$B$7,$B$13*$B$15,$B$13)))/J91) | M91: =IF(1=$B$6+$B$7,0,IF(1>$B$6+$B$7,$B$13/J92,IF(1>=$B$6,$B$13*$B$15/J92,($B$13*$B$15+$B$12)/J92))) | N91: =IF(1=$B$6,-$K$8*$B$12,0) | O91: =M91/L91 | P91: =N91/L91 | Q91: =P91-O91*Q92 | R91: =IF(1>$B$6+$B$7,$G$9*$B$11^$H$9,$E$9*$B$9^$F$9) | S91: =IF(1=1,0,$B$14) | T91: =-($B$14+(IF(1<=$B$6,$B$13*$B$15+$B$12,IF(1<=$B$6+$B$7,$B$13*$B$15,$B$13)))/R91) | U91: =IF(1=$B$6+$B$7,0,IF(1>$B$6+$B$7,$B$13/R92,IF(1>=$B$6,$B$13*$B$15/R92,($B$13*$B$15+$B$12)/R92))) | V91: =IF(1=$B$6,-$K$9*$B$12,0) | W91: =U91/T91 | X91: =V91/T91 | Y91: =X91-W91*Y92 | Z91: =IF(1>$B$6+$B$7,$G$10*$B$11^$H$10,$E$10*$B$9^$F$10) | AA91: =IF(1=1,0,$B$14) | AB91: =-($B$14+(IF(1<=$B$6,$B$13*$B$15+$B$12,IF(1<=$B$6+$B$7,$B$13*$B$15,$B$13)))/Z91) | AC91: =IF(1=$B$6+$B$7,0,IF(1>$B$6+$B$7,$B$13/Z92,IF(1>=$B$6,$B$13*$B$15/Z92,($B$13*$B$15+$B$12)/Z92))) | AD91: =IF(1=$B$6,-$K$10*$B$12,0) | AE91: =AC91/AB91 | AF91: =AD91/AB91 | AG91: =AF91-AE91*AG92 | AH91: =IF(1>$B$6+$B$7,$G$11*$B$11^$H$11,$E$11*$B$9^$F$11) | AI91: =IF(1=1,0,$B$14) | AJ91: =-($B$14+(IF(1<=$B$6,$B$13*$B$15+$B$12,IF(1<=$B$6+$B$7,$B$13*$B$15,$B$13)))/AH91) | AK91: =IF(1=$B$6+$B$7,0,IF(1>$B$6+$B$7,$B$13/AH92,IF(1>=$B$6,$B$13*$B$15/AH92,($B$13*$B$15+$B$12)/AH92))) | AL91: =IF(1=$B$6,-$K$11*$B$12,0) | AM91: =AK91/AJ91 | AN91: =AL91/AJ91 | AO91: =AN91-AM91*AO92 | AP91: =IF(1>$B$6+$B$7,$G$12*$B$11^$H$12,$E$12*$B$9^$F$12) | AQ91: =IF(1=1,0,$B$14) | AR91: =-($B$14+(IF(1<=$B$6,$B$13*$B$15+$B$12,IF(1<=$B$6+$B$7,$B$13*$B$15,$B$13)))/AP91) | AS91: =IF(1=$B$6+$B$7,0,IF(1>$B$6+$B$7,$B$13/AP92,IF(1>=$B$6,$B$13*$B$15/AP92,($B$13*$B$15+$B$12)/AP92))) | AT91: =IF(1=$B$6,-$K$12*$B$12,0) | AU91: =AS91/AR91 | AV91: =AT91/AR91 | AW91: =AV91-AU91*AW92 | AX91: =IF(1>$B$6+$B$7,$G$13*$B$11^$H$13,$E$13*$B$9^$F$13) | AY91: =IF(1=1,0,$B$14) | AZ91: =-($B$14+(IF(1<=$B$6,$B$13*$B$15+$B$12,IF(1<=$B$6+$B$7,$B$13*$B$15,$B$13)))/AX91) | BA91: =IF(1=$B$6+$B$7,0,IF(1>$B$6+$B$7,$B$13/AX92,IF(1>=$B$6,$B$13*$B$15/AX92,($B$13*$B$15+$B$12)/AX92))) | BB91: =IF(1=$B$6,-$K$13*$B$12,0) | BC91: =BA91/AZ91 | BD91: =BB91/AZ91 | BE91: =BD91-BC91*BE92 | BF91: =IF(1>$B$6+$B$7,$G$14*$B$11^$H$14,$E$14*$B$9^$F$14) | BG91: =IF(1=1,0,$B$14) | BH91: =-($B$14+(IF(1<=$B$6,$B$13*$B$15+$B$12,IF(1<=$B$6+$B$7,$B$13*$B$15,$B$13)))/BF91) | BI91: =IF(1=$B$6+$B$7,0,IF(1>$B$6+$B$7,$B$13/BF92,IF(1>=$B$6,$B$13*$B$15/BF92,($B$13*$B$15+$B$12)/BF92))) | BJ91: =IF(1=$B$6,-$K$14*$B$12,0) | BK91: =BI91/BH91 | BL91: =BJ91/BH91 | BM91: =BL91-BK91*BM92 | BN91: =IF(1>$B$6+$B$7,$G$15*$B$11^$H$15,$E$15*$B$9^$F$15) | BO91: =IF(1=1,0,$B$14) | BP91: =-($B$14+(IF(1<=$B$6,$B$13*$B$15+$B$12,IF(1<=$B$6+$B$7,$B$13*$B$15,$B$13)))/BN91) | BQ91: =IF(1=$B$6+$B$7,0,IF(1>$B$6+$B$7,$B$13/BN92,IF(1>=$B$6,$B$13*$B$15/BN92,($B$13*$B$15+$B$12)/BN92))) | BR91: =IF(1=$B$6,-$K$15*$B$12,0) | BS91: =BQ91/BP91 | BT91: =BR91/BP91 | BU91: =BT91-BS91*BU92 | BV91: =IF(1>$B$6+$B$7,$G$16*$B$11^$H$16,$E$16*$B$9^$F$16) | BW91: =IF(1=1,0,$B$14) | BX91: =-($B$14+(IF(1<=$B$6,$B$13*$B$15+$B$12,IF(1<=$B$6+$B$7,$B$13*$B$15,$B$13)))/BV91) | BY91: =IF(1=$B$6+$B$7,0,IF(1>$B$6+$B$7,$B$13/BV92,IF(1>=$B$6,$B$13*$B$15/BV92,($B$13*$B$15+$B$12)/BV92))) | BZ91: =IF(1=$B$6,-$K$16*$B$12,0) | CA91: =BY91/BX91 | CB91: =BZ91/BX91 | CC91: =CB91-CA91*CC92 | CD91: =IF(1>$B$6+$B$7,$G$17*$B$11^$H$17,$E$17*$B$9^$F$17) | CE91: =IF(1=1,0,$B$14) | CF91: =-($B$14+(IF(1<=$B$6,$B$13*$B$15+$B$12,IF(1<=$B$6+$B$7,$B$13*$B$15,$B$13)))/CD91) | CG91: =IF(1=$B$6+$B$7,0,IF(1>$B$6+$B$7,$B$13/CD92,IF(1>=$B$6,$B$13*$B$15/CD92,($B$13*$B$15+$B$12)/CD92))) | CH91: =IF(1=$B$6,-$K$17*$B$12,0) | CI91: =CG91/CF91 | CJ91: =CH91/CF91 | CK91: =CJ91-CI91*CK92 | CL91: =IF(1>$B$6+$B$7,$G$18*$B$11^$H$18,$E$18*$B$9^$F$18) | CM91: =IF(1=1,0,$B$14) | CN91: =-($B$14+(IF(1<=$B$6,$B$13*$B$15+$B$12,IF(1<=$B$6+$B$7,$B$13*$B$15,$B$13)))/CL91) | CO91: =IF(1=$B$6+$B$7,0,IF(1>$B$6+$B$7,$B$13/CL92,IF(1>=$B$6,$B$13*$B$15/CL92,($B$13*$B$15+$B$12)/CL92))) | CP91: =IF(1=$B$6,-$K$18*$B$12,0) | CQ91: =CO91/CN91 | CR91: =CP91/CN91 | CS91: =CR91-CQ91*CS92 | CT91: =IF(1>$B$6+$B$7,$G$19*$B$11^$H$19,$E$19*$B$9^$F$19) | CU91: =IF(1=1,0,$B$14) | CV91: =-($B$14+(IF(1<=$B$6,$B$13*$B$15+$B$12,IF(1<=$B$6+$B$7,$B$13*$B$15,$B$13)))/CT91) | CW91: =IF(1=$B$6+$B$7,0,IF(1>$B$6+$B$7,$B$13/CT92,IF(1>=$B$6,$B$13*$B$15/CT92,($B$13*$B$15+$B$12)/CT92))) | CX91: =IF(1=$B$6,-$K$19*$B$12,0) | CY91: =CW91/CV91 | CZ91: =CX91/CV91 | DA91: =CZ91-CY91*DA92 | DB91: =IF(1>$B$6+$B$7,$G$20*$B$11^$H$20,$E$20*$B$9^$F$20) | DC91: =IF(1=1,0,$B$14) | DD91: =-($B$14+(IF(1<=$B$6,$B$13*$B$15+$B$12,IF(1<=$B$6+$B$7,$B$13*$B$15,$B$13)))/DB91) | DE91: =IF(1=$B$6+$B$7,0,IF(1>$B$6+$B$7,$B$13/DB92,IF(1>=$B$6,$B$13*$B$15/DB92,($B$13*$B$15+$B$12)/DB92))) | DF91: =IF(1=$B$6,-$K$20*$B$12,0) | DG91: =DE91/DD91 | DH91: =DF91/DD91 | DI91: =DH91-DG91*DI92 | DJ91: =IF(1>$B$6+$B$7,$G$21*$B$11^$H$21,$E$21*$B$9^$F$21) | DK91: =IF(1=1,0,$B$14) | DL91: =-($B$14+(IF(1<=$B$6,$B$13*$B$15+$B$12,IF(1<=$B$6+$B$7,$B$13*$B$15,$B$13)))/DJ91) | DM91: =IF(1=$B$6+$B$7,0,IF(1>$B$6+$B$7,$B$13/DJ92,IF(1>=$B$6,$B$13*$B$15/DJ92,($B$13*$B$15+$B$12)/DJ92))) | DN91: =IF(1=$B$6,-$K$21*$B$12,0) | DO91: =DM91/DL91 | DP91: =DN91/DL91 | DQ91: =DP91-DO91*DQ92 | DR91: =IF(1>$B$6+$B$7,$G$22*$B$11^$H$22,$E$22*$B$9^$F$22) | DS91: =IF(1=1,0,$B$14) | DT91: =-($B$14+(IF(1<=$B$6,$B$13*$B$15+$B$12,IF(1<=$B$6+$B$7,$B$13*$B$15,$B$13)))/DR91) | DU91: =IF(1=$B$6+$B$7,0,IF(1>$B$6+$B$7,$B$13/DR92,IF(1>=$B$6,$B$13*$B$15/DR92,($B$13*$B$15+$B$12)/DR92))) | DV91: =IF(1=$B$6,-$K$22*$B$12,0) | DW91: =DU91/DT91 | DX91: =DV91/DT91 | DY91: =DX91-DW91*DY92 | DZ91: =IF(1>$B$6+$B$7,$G$23*$B$11^$H$23,$E$23*$B$9^$F$23) | EA91: =IF(1=1,0,$B$14) | EB91: =-($B$14+(IF(1<=$B$6,$B$13*$B$15+$B$12,IF(1<=$B$6+$B$7,$B$13*$B$15,$B$13)))/DZ91) | EC91: =IF(1=$B$6+$B$7,0,IF(1>$B$6+$B$7,$B$13/DZ92,IF(1>=$B$6,$B$13*$B$15/DZ92,($B$13*$B$15+$B$12)/DZ92))) | ED91: =IF(1=$B$6,-$K$23*$B$12,0) | EE91: =EC91/EB91 | EF91: =ED91/EB91 | EG91: =EF91-EE91*EG92 | EH91: =IF(1>$B$6+$B$7,$G$24*$B$11^$H$24,$E$24*$B$9^$F$24) | EI91: =IF(1=1,0,$B$14) | EJ91: =-($B$14+(IF(1<=$B$6,$B$13*$B$15+$B$12,IF(1<=$B$6+$B$7,$B$13*$B$15,$B$13)))/EH91) | EK91: =IF(1=$B$6+$B$7,0,IF(1>$B$6+$B$7,$B$13/EH92,IF(1>=$B$6,$B$13*$B$15/EH92,($B$13*$B$15+$B$12)/EH92))) | EL91: =IF(1=$B$6,-$K$24*$B$12,0) | EM91: =EK91/EJ91 | EN91: =EL91/EJ91 | EO91: =EN91-EM91*EO92 | EP91: =IF(1>$B$6+$B$7,$G$25*$B$11^$H$25,$E$25*$B$9^$F$25) | EQ91: =IF(1=1,0,$B$14) | ER91: =-($B$14+(IF(1<=$B$6,$B$13*$B$15+$B$12,IF(1<=$B$6+$B$7,$B$13*$B$15,$B$13)))/EP91) | ES91: =IF(1=$B$6+$B$7,0,IF(1>$B$6+$B$7,$B$13/EP92,IF(1>=$B$6,$B$13*$B$15/EP92,($B$13*$B$15+$B$12)/EP92))) | ET91: =IF(1=$B$6,-$K$25*$B$12,0) | EU91: =ES91/ER91 | EV91: =ET91/ER91 | EW91: =EV91-EU91*EW92 | EX91: =IF(1>$B$6+$B$7,$G$26*$B$11^$H$26,$E$26*$B$9^$F$26) | EY91: =IF(1=1,0,$B$14) | EZ91: =-($B$14+(IF(1<=$B$6,$B$13*$B$15+$B$12,IF(1<=$B$6+$B$7,$B$13*$B$15,$B$13)))/EX91) | FA91: =IF(1=$B$6+$B$7,0,IF(1>$B$6+$B$7,$B$13/EX92,IF(1>=$B$6,$B$13*$B$15/EX92,($B$13*$B$15+$B$12)/EX92))) | FB91: =IF(1=$B$6,-$K$26*$B$12,0) | FC91: =FA91/EZ91 | FD91: =FB91/EZ91 | FE91: =FD91-FC91*FE92 | FF91: =IF(1>$B$6+$B$7,$G$27*$B$11^$H$27,$E$27*$B$9^$F$27) | FG91: =IF(1=1,0,$B$14) | FH91: =-($B$14+(IF(1<=$B$6,$B$13*$B$15+$B$12,IF(1<=$B$6+$B$7,$B$13*$B$15,$B$13)))/FF91) | FI91: =IF(1=$B$6+$B$7,0,IF(1>$B$6+$B$7,$B$13/FF92,IF(1>=$B$6,$B$13*$B$15/FF92,($B$13*$B$15+$B$12)/FF92))) | FJ91: =IF(1=$B$6,-$K$27*$B$12,0) | FK91: =FI91/FH91 | FL91: =FJ91/FH91 | FM91: =FL91-FK91*FM92 | FN91: =IF(1>$B$6+$B$7,$G$28*$B$11^$H$28,$E$28*$B$9^$F$28) | FO91: =IF(1=1,0,$B$14) | FP91: =-($B$14+(IF(1<=$B$6,$B$13*$B$15+$B$12,IF(1<=$B$6+$B$7,$B$13*$B$15,$B$13)))/FN91) | FQ91: =IF(1=$B$6+$B$7,0,IF(1>$B$6+$B$7,$B$13/FN92,IF(1>=$B$6,$B$13*$B$15/FN92,($B$13*$B$15+$B$12)/FN92))) | FR91: =IF(1=$B$6,-$K$28*$B$12,0) | FS91: =FQ91/FP91 | FT91: =FR91/FP91 | FU91: =FT91-FS91*FU92 | FV91: =IF(1>$B$6+$B$7,$G$29*$B$11^$H$29,$E$29*$B$9^$F$29) | FW91: =IF(1=1,0,$B$14) | FX91: =-($B$14+(IF(1<=$B$6,$B$13*$B$15+$B$12,IF(1<=$B$6+$B$7,$B$13*$B$15,$B$13)))/FV91) | FY91: =IF(1=$B$6+$B$7,0,IF(1>$B$6+$B$7,$B$13/FV92,IF(1>=$B$6,$B$13*$B$15/FV92,($B$13*$B$15+$B$12)/FV92))) | FZ91: =IF(1=$B$6,-$K$29*$B$12,0) | GA91: =FY91/FX91 | GB91: =FZ91/FX91 | GC91: =GB91-GA91*GC92 | GD91: =IF(1>$B$6+$B$7,$G$30*$B$11^$H$30,$E$30*$B$9^$F$30) | GE91: =IF(1=1,0,$B$14) | GF91: =-($B$14+(IF(1<=$B$6,$B$13*$B$15+$B$12,IF(1<=$B$6+$B$7,$B$13*$B$15,$B$13)))/GD91) | GG91: =IF(1=$B$6+$B$7,0,IF(1>$B$6+$B$7,$B$13/GD92,IF(1>=$B$6,$B$13*$B$15/GD92,($B$13*$B$15+$B$12)/GD92))) | GH91: =IF(1=$B$6,-$K$30*$B$12,0) | GI91: =GG91/GF91 | GJ91: =GH91/GF91 | GK91: =GJ91-GI91*GK92 | GL91: =IF(1>$B$6+$B$7,$G$31*$B$11^$H$31,$E$31*$B$9^$F$31) | GM91: =IF(1=1,0,$B$14) | GN91: =-($B$14+(IF(1<=$B$6,$B$13*$B$15+$B$12,IF(1<=$B$6+$B$7,$B$13*$B$15,$B$13)))/GL91) | GO91: =IF(1=$B$6+$B$7,0,IF(1>$B$6+$B$7,$B$13/GL92,IF(1>=$B$6,$B$13*$B$15/GL92,($B$13*$B$15+$B$12)/GL92))) | GP91: =IF(1=$B$6,-$K$31*$B$12,0) | GQ91: =GO91/GN91 | GR91: =GP91/GN91 | GS91: =GR91-GQ91*GS92 | GT91: =IF(1>$B$6+$B$7,$G$32*$B$11^$H$32,$E$32*$B$9^$F$32) | GU91: =IF(1=1,0,$B$14) | GV91: =-($B$14+(IF(1<=$B$6,$B$13*$B$15+$B$12,IF(1<=$B$6+$B$7,$B$13*$B$15,$B$13)))/GT91) | GW91: =IF(1=$B$6+$B$7,0,IF(1>$B$6+$B$7,$B$13/GT92,IF(1>=$B$6,$B$13*$B$15/GT92,($B$13*$B$15+$B$12)/GT92))) | GX91: =IF(1=$B$6,-$K$32*$B$12,0) | GY91: =GW91/GV91 | GZ91: =GX91/GV91 | HA91: =GZ91-GY91*HA92 | HB91: =IFERROR(I91/B91,0) | HC91: =IFERROR(Q91/J91,0) | HD91: =IFERROR(Y91/R91,0) | HE91: =IFERROR(AG91/Z91,0) | HF91: =IFERROR(AO91/AH91,0) | HG91: =IFERROR(AW91/AP91,0) | HH91: =IFERROR(BE91/AX91,0) | HI91: =IFERROR(BM91/BF91,0) | HJ91: =IFERROR(BU91/BN91,0) | HK91: =IFERROR(CC91/BV91,0) | HL91: =IFERROR(CK91/CD91,0) | HM91: =IFERROR(CS91/CL91,0) | HN91: =IFERROR(DA91/CT91,0) | HO91: =IFERROR(DI91/DB91,0) | HP91: =IFERROR(DQ91/DJ91,0) | HQ91: =IFERROR(DY91/DR91,0) | HR91: =IFERROR(EG91/DZ91,0) | HS91: =IFERROR(EO91/EH91,0) | HT91: =IFERROR(EW91/EP91,0) | HU91: =IFERROR(FE91/EX91,0) | HV91: =IFERROR(FM91/FF91,0) | HW91: =IFERROR(FU91/FN91,0) | HX91: =IFERROR(GC91/FV91,0) | HY91: =IFERROR(GK91/GD91,0) | HZ91: =IFERROR(GS91/GL91,0) | IA91: =IFERROR(HA91/GT91,0) | IB91: =I91+Q91+Y91+AG91+AO91+AW91+BE91+BM91+BU91+CC91+CK91+CS91+DA91+DI91+DQ91+DY91+EG91+EO91+EW91+FE91+FM91+FU91+GC91+GK91+GS91+HA91 | IC91: =HB91+HC91+HD91+HE91+HF91+HG91+HH91+HI91+HJ91+HK91+HL91+HM91+HN91+HO91+HP91+HQ91+HR91+HS91+HT91+HU91+HV91+HW91+HX91+HY91+HZ91+IA91
A92: 2 | B92: =IF(2>$B$6+$B$7,$G$7*$B$11^$H$7,$E$7*$B$9^$F$7) | C92: =IF(2=1,0,$B$14) | D92: =-($B$14+(IF(2<=$B$6,$B$13*$B$15+$B$12,IF(2<=$B$6+$B$7,$B$13*$B$15,$B$13)))/B92) | E92: =IF(2=$B$6+$B$7,0,IF(2>$B$6+$B$7,$B$13/B93,IF(2>=$B$6,$B$13*$B$15/B93,($B$13*$B$15+$B$12)/B93))) | F92: =IF(2=$B$6,-$K$7*$B$12,0) | G92: =E92/(D92-C92*G91) | H92: =(F92-C92*H91)/(D92-C92*G91) | I92: =H92-G92*I93 | J92: =IF(2>$B$6+$B$7,$G$8*$B$11^$H$8,$E$8*$B$9^$F$8) | K92: =IF(2=1,0,$B$14) | L92: =-($B$14+(IF(2<=$B$6,$B$13*$B$15+$B$12,IF(2<=$B$6+$B$7,$B$13*$B$15,$B$13)))/J92) | M92: =IF(2=$B$6+$B$7,0,IF(2>$B$6+$B$7,$B$13/J93,IF(2>=$B$6,$B$13*$B$15/J93,($B$13*$B$15+$B$12)/J93))) | N92: =IF(2=$B$6,-$K$8*$B$12,0) | O92: =M92/(L92-K92*O91) | P92: =(N92-K92*P91)/(L92-K92*O91) | Q92: =P92-O92*Q93 | R92: =IF(2>$B$6+$B$7,$G$9*$B$11^$H$9,$E$9*$B$9^$F$9) | S92: =IF(2=1,0,$B$14) | T92: =-($B$14+(IF(2<=$B$6,$B$13*$B$15+$B$12,IF(2<=$B$6+$B$7,$B$13*$B$15,$B$13)))/R92) | U92: =IF(2=$B$6+$B$7,0,IF(2>$B$6+$B$7,$B$13/R93,IF(2>=$B$6,$B$13*$B$15/R93,($B$13*$B$15+$B$12)/R93))) | V92: =IF(2=$B$6,-$K$9*$B$12,0) | W92: =U92/(T92-S92*W91) | X92: =(V92-S92*X91)/(T92-S92*W91) | Y92: =X92-W92*Y93 | Z92: =IF(2>$B$6+$B$7,$G$10*$B$11^$H$10,$E$10*$B$9^$F$10) | AA92: =IF(2=1,0,$B$14) | AB92: =-($B$14+(IF(2<=$B$6,$B$13*$B$15+$B$12,IF(2<=$B$6+$B$7,$B$13*$B$15,$B$13)))/Z92) | AC92: =IF(2=$B$6+$B$7,0,IF(2>$B$6+$B$7,$B$13/Z93,IF(2>=$B$6,$B$13*$B$15/Z93,($B$13*$B$15+$B$12)/Z93))) | AD92: =IF(2=$B$6,-$K$10*$B$12,0) | AE92: =AC92/(AB92-AA92*AE91) | AF92: =(AD92-AA92*AF91)/(AB92-AA92*AE91) | AG92: =AF92-AE92*AG93 | AH92: =IF(2>$B$6+$B$7,$G$11*$B$11^$H$11,$E$11*$B$9^$F$11) | AI92: =IF(2=1,0,$B$14) | AJ92: =-($B$14+(IF(2<=$B$6,$B$13*$B$15+$B$12,IF(2<=$B$6+$B$7,$B$13*$B$15,$B$13)))/AH92) | AK92: =IF(2=$B$6+$B$7,0,IF(2>$B$6+$B$7,$B$13/AH93,IF(2>=$B$6,$B$13*$B$15/AH93,($B$13*$B$15+$B$12)/AH93))) | AL92: =IF(2=$B$6,-$K$11*$B$12,0) | AM92: =AK92/(AJ92-AI92*AM91) | AN92: =(AL92-AI92*AN91)/(AJ92-AI92*AM91) | AO92: =AN92-AM92*AO93 | AP92: =IF(2>$B$6+$B$7,$G$12*$B$11^$H$12,$E$12*$B$9^$F$12) | AQ92: =IF(2=1,0,$B$14) | AR92: =-($B$14+(IF(2<=$B$6,$B$13*$B$15+$B$12,IF(2<=$B$6+$B$7,$B$13*$B$15,$B$13)))/AP92) | AS92: =IF(2=$B$6+$B$7,0,IF(2>$B$6+$B$7,$B$13/AP93,IF(2>=$B$6,$B$13*$B$15/AP93,($B$13*$B$15+$B$12)/AP93))) | AT92: =IF(2=$B$6,-$K$12*$B$12,0) | AU92: =AS92/(AR92-AQ92*AU91) | AV92: =(AT92-AQ92*AV91)/(AR92-AQ92*AU91) | AW92: =AV92-AU92*AW93 | AX92: =IF(2>$B$6+$B$7,$G$13*$B$11^$H$13,$E$13*$B$9^$F$13) | AY92: =IF(2=1,0,$B$14) | AZ92: =-($B$14+(IF(2<=$B$6,$B$13*$B$15+$B$12,IF(2<=$B$6+$B$7,$B$13*$B$15,$B$13)))/AX92) | BA92: =IF(2=$B$6+$B$7,0,IF(2>$B$6+$B$7,$B$13/AX93,IF(2>=$B$6,$B$13*$B$15/AX93,($B$13*$B$15+$B$12)/AX93))) | BB92: =IF(2=$B$6,-$K$13*$B$12,0) | BC92: =BA92/(AZ92-AY92*BC91) | BD92: =(BB92-AY92*BD91)/(AZ92-AY92*BC91) | BE92: =BD92-BC92*BE93 | BF92: =IF(2>$B$6+$B$7,$G$14*$B$11^$H$14,$E$14*$B$9^$F$14) | BG92: =IF(2=1,0,$B$14) | BH92: =-($B$14+(IF(2<=$B$6,$B$13*$B$15+$B$12,IF(2<=$B$6+$B$7,$B$13*$B$15,$B$13)))/BF92) | BI92: =IF(2=$B$6+$B$7,0,IF(2>$B$6+$B$7,$B$13/BF93,IF(2>=$B$6,$B$13*$B$15/BF93,($B$13*$B$15+$B$12)/BF93))) | BJ92: =IF(2=$B$6,-$K$14*$B$12,0) | BK92: =BI92/(BH92-BG92*BK91) | BL92: =(BJ92-BG92*BL91)/(BH92-BG92*BK91) | BM92: =BL92-BK92*BM93 | BN92: =IF(2>$B$6+$B$7,$G$15*$B$11^$H$15,$E$15*$B$9^$F$15) | BO92: =IF(2=1,0,$B$14) | BP92: =-($B$14+(IF(2<=$B$6,$B$13*$B$15+$B$12,IF(2<=$B$6+$B$7,$B$13*$B$15,$B$13)))/BN92) | BQ92: =IF(2=$B$6+$B$7,0,IF(2>$B$6+$B$7,$B$13/BN93,IF(2>=$B$6,$B$13*$B$15/BN93,($B$13*$B$15+$B$12)/BN93))) | BR92: =IF(2=$B$6,-$K$15*$B$12,0) | BS92: =BQ92/(BP92-BO92*BS91) | BT92: =(BR92-BO92*BT91)/(BP92-BO92*BS91) | BU92: =BT92-BS92*BU93 | BV92: =IF(2>$B$6+$B$7,$G$16*$B$11^$H$16,$E$16*$B$9^$F$16) | BW92: =IF(2=1,0,$B$14) | BX92: =-($B$14+(IF(2<=$B$6,$B$13*$B$15+$B$12,IF(2<=$B$6+$B$7,$B$13*$B$15,$B$13)))/BV92) | BY92: =IF(2=$B$6+$B$7,0,IF(2>$B$6+$B$7,$B$13/BV93,IF(2>=$B$6,$B$13*$B$15/BV93,($B$13*$B$15+$B$12)/BV93))) | BZ92: =IF(2=$B$6,-$K$16*$B$12,0) | CA92: =BY92/(BX92-BW92*CA91) | CB92: =(BZ92-BW92*CB91)/(BX92-BW92*CA91) | CC92: =CB92-CA92*CC93 | CD92: =IF(2>$B$6+$B$7,$G$17*$B$11^$H$17,$E$17*$B$9^$F$17) | CE92: =IF(2=1,0,$B$14) | CF92: =-($B$14+(IF(2<=$B$6,$B$13*$B$15+$B$12,IF(2<=$B$6+$B$7,$B$13*$B$15,$B$13)))/CD92) | CG92: =IF(2=$B$6+$B$7,0,IF(2>$B$6+$B$7,$B$13/CD93,IF(2>=$B$6,$B$13*$B$15/CD93,($B$13*$B$15+$B$12)/CD93))) | CH92: =IF(2=$B$6,-$K$17*$B$12,0) | CI92: =CG92/(CF92-CE92*CI91) | CJ92: =(CH92-CE92*CJ91)/(CF92-CE92*CI91) | CK92: =CJ92-CI92*CK93 | CL92: =IF(2>$B$6+$B$7,$G$18*$B$11^$H$18,$E$18*$B$9^$F$18) | CM92: =IF(2=1,0,$B$14) | CN92: =-($B$14+(IF(2<=$B$6,$B$13*$B$15+$B$12,IF(2<=$B$6+$B$7,$B$13*$B$15,$B$13)))/CL92) | CO92: =IF(2=$B$6+$B$7,0,IF(2>$B$6+$B$7,$B$13/CL93,IF(2>=$B$6,$B$13*$B$15/CL93,($B$13*$B$15+$B$12)/CL93))) | CP92: =IF(2=$B$6,-$K$18*$B$12,0) | CQ92: =CO92/(CN92-CM92*CQ91) | CR92: =(CP92-CM92*CR91)/(CN92-CM92*CQ91) | CS92: =CR92-CQ92*CS93 | CT92: =IF(2>$B$6+$B$7,$G$19*$B$11^$H$19,$E$19*$B$9^$F$19) | CU92: =IF(2=1,0,$B$14) | CV92: =-($B$14+(IF(2<=$B$6,$B$13*$B$15+$B$12,IF(2<=$B$6+$B$7,$B$13*$B$15,$B$13)))/CT92) | CW92: =IF(2=$B$6+$B$7,0,IF(2>$B$6+$B$7,$B$13/CT93,IF(2>=$B$6,$B$13*$B$15/CT93,($B$13*$B$15+$B$12)/CT93))) | CX92: =IF(2=$B$6,-$K$19*$B$12,0) | CY92: =CW92/(CV92-CU92*CY91) | CZ92: =(CX92-CU92*CZ91)/(CV92-CU92*CY91) | DA92: =CZ92-CY92*DA93 | DB92: =IF(2>$B$6+$B$7,$G$20*$B$11^$H$20,$E$20*$B$9^$F$20) | DC92: =IF(2=1,0,$B$14) | DD92: =-($B$14+(IF(2<=$B$6,$B$13*$B$15+$B$12,IF(2<=$B$6+$B$7,$B$13*$B$15,$B$13)))/DB92) | DE92: =IF(2=$B$6+$B$7,0,IF(2>$B$6+$B$7,$B$13/DB93,IF(2>=$B$6,$B$13*$B$15/DB93,($B$13*$B$15+$B$12)/DB93))) | DF92: =IF(2=$B$6,-$K$20*$B$12,0) | DG92: =DE92/(DD92-DC92*DG91) | DH92: =(DF92-DC92*DH91)/(DD92-DC92*DG91) | DI92: =DH92-DG92*DI93 | DJ92: =IF(2>$B$6+$B$7,$G$21*$B$11^$H$21,$E$21*$B$9^$F$21) | DK92: =IF(2=1,0,$B$14) | DL92: =-($B$14+(IF(2<=$B$6,$B$13*$B$15+$B$12,IF(2<=$B$6+$B$7,$B$13*$B$15,$B$13)))/DJ92) | DM92: =IF(2=$B$6+$B$7,0,IF(2>$B$6+$B$7,$B$13/DJ93,IF(2>=$B$6,$B$13*$B$15/DJ93,($B$13*$B$15+$B$12)/DJ93))) | DN92: =IF(2=$B$6,-$K$21*$B$12,0) | DO92: =DM92/(DL92-DK92*DO91) | DP92: =(DN92-DK92*DP91)/(DL92-DK92*DO91) | DQ92: =DP92-DO92*DQ93 | DR92: =IF(2>$B$6+$B$7,$G$22*$B$11^$H$22,$E$22*$B$9^$F$22) | DS92: =IF(2=1,0,$B$14) | DT92: =-($B$14+(IF(2<=$B$6,$B$13*$B$15+$B$12,IF(2<=$B$6+$B$7,$B$13*$B$15,$B$13)))/DR92) | DU92: =IF(2=$B$6+$B$7,0,IF(2>$B$6+$B$7,$B$13/DR93,IF(2>=$B$6,$B$13*$B$15/DR93,($B$13*$B$15+$B$12)/DR93))) | DV92: =IF(2=$B$6,-$K$22*$B$12,0) | DW92: =DU92/(DT92-DS92*DW91) | DX92: =(DV92-DS92*DX91)/(DT92-DS92*DW91) | DY92: =DX92-DW92*DY93 | DZ92: =IF(2>$B$6+$B$7,$G$23*$B$11^$H$23,$E$23*$B$9^$F$23) | EA92: =IF(2=1,0,$B$14) | EB92: =-($B$14+(IF(2<=$B$6,$B$13*$B$15+$B$12,IF(2<=$B$6+$B$7,$B$13*$B$15,$B$13)))/DZ92) | EC92: =IF(2=$B$6+$B$7,0,IF(2>$B$6+$B$7,$B$13/DZ93,IF(2>=$B$6,$B$13*$B$15/DZ93,($B$13*$B$15+$B$12)/DZ93))) | ED92: =IF(2=$B$6,-$K$23*$B$12,0) | EE92: =EC92/(EB92-EA92*EE91) | EF92: =(ED92-EA92*EF91)/(EB92-EA92*EE91) | EG92: =EF92-EE92*EG93 | EH92: =IF(2>$B$6+$B$7,$G$24*$B$11^$H$24,$E$24*$B$9^$F$24) | EI92: =IF(2=1,0,$B$14) | EJ92: =-($B$14+(IF(2<=$B$6,$B$13*$B$15+$B$12,IF(2<=$B$6+$B$7,$B$13*$B$15,$B$13)))/EH92) | EK92: =IF(2=$B$6+$B$7,0,IF(2>$B$6+$B$7,$B$13/EH93,IF(2>=$B$6,$B$13*$B$15/EH93,($B$13*$B$15+$B$12)/EH93))) | EL92: =IF(2=$B$6,-$K$24*$B$12,0) | EM92: =EK92/(EJ92-EI92*EM91) | EN92: =(EL92-EI92*EN91)/(EJ92-EI92*EM91) | EO92: =EN92-EM92*EO93 | EP92: =IF(2>$B$6+$B$7,$G$25*$B$11^$H$25,$E$25*$B$9^$F$25) | EQ92: =IF(2=1,0,$B$14) | ER92: =-($B$14+(IF(2<=$B$6,$B$13*$B$15+$B$12,IF(2<=$B$6+$B$7,$B$13*$B$15,$B$13)))/EP92) | ES92: =IF(2=$B$6+$B$7,0,IF(2>$B$6+$B$7,$B$13/EP93,IF(2>=$B$6,$B$13*$B$15/EP93,($B$13*$B$15+$B$12)/EP93))) | ET92: =IF(2=$B$6,-$K$25*$B$12,0) | EU92: =ES92/(ER92-EQ92*EU91) | EV92: =(ET92-EQ92*EV91)/(ER92-EQ92*EU91) | EW92: =EV92-EU92*EW93 | EX92: =IF(2>$B$6+$B$7,$G$26*$B$11^$H$26,$E$26*$B$9^$F$26) | EY92: =IF(2=1,0,$B$14) | EZ92: =-($B$14+(IF(2<=$B$6,$B$13*$B$15+$B$12,IF(2<=$B$6+$B$7,$B$13*$B$15,$B$13)))/EX92) | FA92: =IF(2=$B$6+$B$7,0,IF(2>$B$6+$B$7,$B$13/EX93,IF(2>=$B$6,$B$13*$B$15/EX93,($B$13*$B$15+$B$12)/EX93))) | FB92: =IF(2=$B$6,-$K$26*$B$12,0) | FC92: =FA92/(EZ92-EY92*FC91) | FD92: =(FB92-EY92*FD91)/(EZ92-EY92*FC91) | FE92: =FD92-FC92*FE93 | FF92: =IF(2>$B$6+$B$7,$G$27*$B$11^$H$27,$E$27*$B$9^$F$27) | FG92: =IF(2=1,0,$B$14) | FH92: =-($B$14+(IF(2<=$B$6,$B$13*$B$15+$B$12,IF(2<=$B$6+$B$7,$B$13*$B$15,$B$13)))/FF92) | FI92: =IF(2=$B$6+$B$7,0,IF(2>$B$6+$B$7,$B$13/FF93,IF(2>=$B$6,$B$13*$B$15/FF93,($B$13*$B$15+$B$12)/FF93))) | FJ92: =IF(2=$B$6,-$K$27*$B$12,0) | FK92: =FI92/(FH92-FG92*FK91) | FL92: =(FJ92-FG92*FL91)/(FH92-FG92*FK91) | FM92: =FL92-FK92*FM93 | FN92: =IF(2>$B$6+$B$7,$G$28*$B$11^$H$28,$E$28*$B$9^$F$28) | FO92: =IF(2=1,0,$B$14) | FP92: =-($B$14+(IF(2<=$B$6,$B$13*$B$15+$B$12,IF(2<=$B$6+$B$7,$B$13*$B$15,$B$13)))/FN92) | FQ92: =IF(2=$B$6+$B$7,0,IF(2>$B$6+$B$7,$B$13/FN93,IF(2>=$B$6,$B$13*$B$15/FN93,($B$13*$B$15+$B$12)/FN93))) | FR92: =IF(2=$B$6,-$K$28*$B$12,0) | FS92: =FQ92/(FP92-FO92*FS91) | FT92: =(FR92-FO92*FT91)/(FP92-FO92*FS91) | FU92: =FT92-FS92*FU93 | FV92: =IF(2>$B$6+$B$7,$G$29*$B$11^$H$29,$E$29*$B$9^$F$29) | FW92: =IF(2=1,0,$B$14) | FX92: =-($B$14+(IF(2<=$B$6,$B$13*$B$15+$B$12,IF(2<=$B$6+$B$7,$B$13*$B$15,$B$13)))/FV92) | FY92: =IF(2=$B$6+$B$7,0,IF(2>$B$6+$B$7,$B$13/FV93,IF(2>=$B$6,$B$13*$B$15/FV93,($B$13*$B$15+$B$12)/FV93))) | FZ92: =IF(2=$B$6,-$K$29*$B$12,0) | GA92: =FY92/(FX92-FW92*GA91) | GB92: =(FZ92-FW92*GB91)/(FX92-FW92*GA91) | GC92: =GB92-GA92*GC93 | GD92: =IF(2>$B$6+$B$7,$G$30*$B$11^$H$30,$E$30*$B$9^$F$30) | GE92: =IF(2=1,0,$B$14) | GF92: =-($B$14+(IF(2<=$B$6,$B$13*$B$15+$B$12,IF(2<=$B$6+$B$7,$B$13*$B$15,$B$13)))/GD92) | GG92: =IF(2=$B$6+$B$7,0,IF(2>$B$6+$B$7,$B$13/GD93,IF(2>=$B$6,$B$13*$B$15/GD93,($B$13*$B$15+$B$12)/GD93))) | GH92: =IF(2=$B$6,-$K$30*$B$12,0) | GI92: =GG92/(GF92-GE92*GI91) | GJ92: =(GH92-GE92*GJ91)/(GF92-GE92*GI91) | GK92: =GJ92-GI92*GK93 | GL92: =IF(2>$B$6+$B$7,$G$31*$B$11^$H$31,$E$31*$B$9^$F$31) | GM92: =IF(2=1,0,$B$14) | GN92: =-($B$14+(IF(2<=$B$6,$B$13*$B$15+$B$12,IF(2<=$B$6+$B$7,$B$13*$B$15,$B$13)))/GL92) | GO92: =IF(2=$B$6+$B$7,0,IF(2>$B$6+$B$7,$B$13/GL93,IF(2>=$B$6,$B$13*$B$15/GL93,($B$13*$B$15+$B$12)/GL93))) | GP92: =IF(2=$B$6,-$K$31*$B$12,0) | GQ92: =GO92/(GN92-GM92*GQ91) | GR92: =(GP92-GM92*GR91)/(GN92-GM92*GQ91) | GS92: =GR92-GQ92*GS93 | GT92: =IF(2>$B$6+$B$7,$G$32*$B$11^$H$32,$E$32*$B$9^$F$32) | GU92: =IF(2=1,0,$B$14) | GV92: =-($B$14+(IF(2<=$B$6,$B$13*$B$15+$B$12,IF(2<=$B$6+$B$7,$B$13*$B$15,$B$13)))/GT92) | GW92: =IF(2=$B$6+$B$7,0,IF(2>$B$6+$B$7,$B$13/GT93,IF(2>=$B$6,$B$13*$B$15/GT93,($B$13*$B$15+$B$12)/GT93))) | GX92: =IF(2=$B$6,-$K$32*$B$12,0) | GY92: =GW92/(GV92-GU92*GY91) | GZ92: =(GX92-GU92*GZ91)/(GV92-GU92*GY91) | HA92: =GZ92-GY92*HA93 | HB92: =IFERROR(I92/B92,0) | HC92: =IFERROR(Q92/J92,0) | HD92: =IFERROR(Y92/R92,0) | HE92: =IFERROR(AG92/Z92,0) | HF92: =IFERROR(AO92/AH92,0) | HG92: =IFERROR(AW92/AP92,0) | HH92: =IFERROR(BE92/AX92,0) | HI92: =IFERROR(BM92/BF92,0) | HJ92: =IFERROR(BU92/BN92,0) | HK92: =IFERROR(CC92/BV92,0) | HL92: =IFERROR(CK92/CD92,0) | HM92: =IFERROR(CS92/CL92,0) | HN92: =IFERROR(DA92/CT92,0) | HO92: =IFERROR(DI92/DB92,0) | HP92: =IFERROR(DQ92/DJ92,0) | HQ92: =IFERROR(DY92/DR92,0) | HR92: =IFERROR(EG92/DZ92,0) | HS92: =IFERROR(EO92/EH92,0) | HT92: =IFERROR(EW92/EP92,0) | HU92: =IFERROR(FE92/EX92,0) | HV92: =IFERROR(FM92/FF92,0) | HW92: =IFERROR(FU92/FN92,0) | HX92: =IFERROR(GC92/FV92,0) | HY92: =IFERROR(GK92/GD92,0) | HZ92: =IFERROR(GS92/GL92,0) | IA92: =IFERROR(HA92/GT92,0) | IB92: =I92+Q92+Y92+AG92+AO92+AW92+BE92+BM92+BU92+CC92+CK92+CS92+DA92+DI92+DQ92+DY92+EG92+EO92+EW92+FE92+FM92+FU92+GC92+GK92+GS92+HA92 | IC92: =HB92+HC92+HD92+HE92+HF92+HG92+HH92+HI92+HJ92+HK92+HL92+HM92+HN92+HO92+HP92+HQ92+HR92+HS92+HT92+HU92+HV92+HW92+HX92+HY92+HZ92+IA92
A93: 3 | B93: =IF(3>$B$6+$B$7,$G$7*$B$11^$H$7,$E$7*$B$9^$F$7) | C93: =IF(3=1,0,$B$14) | D93: =-($B$14+(IF(3<=$B$6,$B$13*$B$15+$B$12,IF(3<=$B$6+$B$7,$B$13*$B$15,$B$13)))/B93) | E93: =IF(3=$B$6+$B$7,0,IF(3>$B$6+$B$7,$B$13/B94,IF(3>=$B$6,$B$13*$B$15/B94,($B$13*$B$15+$B$12)/B94))) | F93: =IF(3=$B$6,-$K$7*$B$12,0) | G93: =E93/(D93-C93*G92) | H93: =(F93-C93*H92)/(D93-C93*G92) | I93: =H93-G93*I94 | J93: =IF(3>$B$6+$B$7,$G$8*$B$11^$H$8,$E$8*$B$9^$F$8) | K93: =IF(3=1,0,$B$14) | L93: =-($B$14+(IF(3<=$B$6,$B$13*$B$15+$B$12,IF(3<=$B$6+$B$7,$B$13*$B$15,$B$13)))/J93) | M93: =IF(3=$B$6+$B$7,0,IF(3>$B$6+$B$7,$B$13/J94,IF(3>=$B$6,$B$13*$B$15/J94,($B$13*$B$15+$B$12)/J94))) | N93: =IF(3=$B$6,-$K$8*$B$12,0) | O93: =M93/(L93-K93*O92) | P93: =(N93-K93*P92)/(L93-K93*O92) | Q93: =P93-O93*Q94 | R93: =IF(3>$B$6+$B$7,$G$9*$B$11^$H$9,$E$9*$B$9^$F$9) | S93: =IF(3=1,0,$B$14) | T93: =-($B$14+(IF(3<=$B$6,$B$13*$B$15+$B$12,IF(3<=$B$6+$B$7,$B$13*$B$15,$B$13)))/R93) | U93: =IF(3=$B$6+$B$7,0,IF(3>$B$6+$B$7,$B$13/R94,IF(3>=$B$6,$B$13*$B$15/R94,($B$13*$B$15+$B$12)/R94))) | V93: =IF(3=$B$6,-$K$9*$B$12,0) | W93: =U93/(T93-S93*W92) | X93: =(V93-S93*X92)/(T93-S93*W92) | Y93: =X93-W93*Y94 | Z93: =IF(3>$B$6+$B$7,$G$10*$B$11^$H$10,$E$10*$B$9^$F$10) | AA93: =IF(3=1,0,$B$14) | AB93: =-($B$14+(IF(3<=$B$6,$B$13*$B$15+$B$12,IF(3<=$B$6+$B$7,$B$13*$B$15,$B$13)))/Z93) | AC93: =IF(3=$B$6+$B$7,0,IF(3>$B$6+$B$7,$B$13/Z94,IF(3>=$B$6,$B$13*$B$15/Z94,($B$13*$B$15+$B$12)/Z94))) | AD93: =IF(3=$B$6,-$K$10*$B$12,0) | AE93: =AC93/(AB93-AA93*AE92) | AF93: =(AD93-AA93*AF92)/(AB93-AA93*AE92) | AG93: =AF93-AE93*AG94 | AH93: =IF(3>$B$6+$B$7,$G$11*$B$11^$H$11,$E$11*$B$9^$F$11) | AI93: =IF(3=1,0,$B$14) | AJ93: =-($B$14+(IF(3<=$B$6,$B$13*$B$15+$B$12,IF(3<=$B$6+$B$7,$B$13*$B$15,$B$13)))/AH93) | AK93: =IF(3=$B$6+$B$7,0,IF(3>$B$6+$B$7,$B$13/AH94,IF(3>=$B$6,$B$13*$B$15/AH94,($B$13*$B$15+$B$12)/AH94))) | AL93: =IF(3=$B$6,-$K$11*$B$12,0) | AM93: =AK93/(AJ93-AI93*AM92) | AN93: =(AL93-AI93*AN92)/(AJ93-AI93*AM92) | AO93: =AN93-AM93*AO94 | AP93: =IF(3>$B$6+$B$7,$G$12*$B$11^$H$12,$E$12*$B$9^$F$12) | AQ93: =IF(3=1,0,$B$14) | AR93: =-($B$14+(IF(3<=$B$6,$B$13*$B$15+$B$12,IF(3<=$B$6+$B$7,$B$13*$B$15,$B$13)))/AP93) | AS93: =IF(3=$B$6+$B$7,0,IF(3>$B$6+$B$7,$B$13/AP94,IF(3>=$B$6,$B$13*$B$15/AP94,($B$13*$B$15+$B$12)/AP94))) | AT93: =IF(3=$B$6,-$K$12*$B$12,0) | AU93: =AS93/(AR93-AQ93*AU92) | AV93: =(AT93-AQ93*AV92)/(AR93-AQ93*AU92) | AW93: =AV93-AU93*AW94 | AX93: =IF(3>$B$6+$B$7,$G$13*$B$11^$H$13,$E$13*$B$9^$F$13) | AY93: =IF(3=1,0,$B$14) | AZ93: =-($B$14+(IF(3<=$B$6,$B$13*$B$15+$B$12,IF(3<=$B$6+$B$7,$B$13*$B$15,$B$13)))/AX93) | BA93: =IF(3=$B$6+$B$7,0,IF(3>$B$6+$B$7,$B$13/AX94,IF(3>=$B$6,$B$13*$B$15/AX94,($B$13*$B$15+$B$12)/AX94))) | BB93: =IF(3=$B$6,-$K$13*$B$12,0) | BC93: =BA93/(AZ93-AY93*BC92) | BD93: =(BB93-AY93*BD92)/(AZ93-AY93*BC92) | BE93: =BD93-BC93*BE94 | BF93: =IF(3>$B$6+$B$7,$G$14*$B$11^$H$14,$E$14*$B$9^$F$14) | BG93: =IF(3=1,0,$B$14) | BH93: =-($B$14+(IF(3<=$B$6,$B$13*$B$15+$B$12,IF(3<=$B$6+$B$7,$B$13*$B$15,$B$13)))/BF93) | BI93: =IF(3=$B$6+$B$7,0,IF(3>$B$6+$B$7,$B$13/BF94,IF(3>=$B$6,$B$13*$B$15/BF94,($B$13*$B$15+$B$12)/BF94))) | BJ93: =IF(3=$B$6,-$K$14*$B$12,0) | BK93: =BI93/(BH93-BG93*BK92) | BL93: =(BJ93-BG93*BL92)/(BH93-BG93*BK92) | BM93: =BL93-BK93*BM94 | BN93: =IF(3>$B$6+$B$7,$G$15*$B$11^$H$15,$E$15*$B$9^$F$15) | BO93: =IF(3=1,0,$B$14) | BP93: =-($B$14+(IF(3<=$B$6,$B$13*$B$15+$B$12,IF(3<=$B$6+$B$7,$B$13*$B$15,$B$13)))/BN93) | BQ93: =IF(3=$B$6+$B$7,0,IF(3>$B$6+$B$7,$B$13/BN94,IF(3>=$B$6,$B$13*$B$15/BN94,($B$13*$B$15+$B$12)/BN94))) | BR93: =IF(3=$B$6,-$K$15*$B$12,0) | BS93: =BQ93/(BP93-BO93*BS92) | BT93: =(BR93-BO93*BT92)/(BP93-BO93*BS92) | BU93: =BT93-BS93*BU94 | BV93: =IF(3>$B$6+$B$7,$G$16*$B$11^$H$16,$E$16*$B$9^$F$16) | BW93: =IF(3=1,0,$B$14) | BX93: =-($B$14+(IF(3<=$B$6,$B$13*$B$15+$B$12,IF(3<=$B$6+$B$7,$B$13*$B$15,$B$13)))/BV93) | BY93: =IF(3=$B$6+$B$7,0,IF(3>$B$6+$B$7,$B$13/BV94,IF(3>=$B$6,$B$13*$B$15/BV94,($B$13*$B$15+$B$12)/BV94))) | BZ93: =IF(3=$B$6,-$K$16*$B$12,0) | CA93: =BY93/(BX93-BW93*CA92) | CB93: =(BZ93-BW93*CB92)/(BX93-BW93*CA92) | CC93: =CB93-CA93*CC94 | CD93: =IF(3>$B$6+$B$7,$G$17*$B$11^$H$17,$E$17*$B$9^$F$17) | CE93: =IF(3=1,0,$B$14) | CF93: =-($B$14+(IF(3<=$B$6,$B$13*$B$15+$B$12,IF(3<=$B$6+$B$7,$B$13*$B$15,$B$13)))/CD93) | CG93: =IF(3=$B$6+$B$7,0,IF(3>$B$6+$B$7,$B$13/CD94,IF(3>=$B$6,$B$13*$B$15/CD94,($B$13*$B$15+$B$12)/CD94))) | CH93: =IF(3=$B$6,-$K$17*$B$12,0) | CI93: =CG93/(CF93-CE93*CI92) | CJ93: =(CH93-CE93*CJ92)/(CF93-CE93*CI92) | CK93: =CJ93-CI93*CK94 | CL93: =IF(3>$B$6+$B$7,$G$18*$B$11^$H$18,$E$18*$B$9^$F$18) | CM93: =IF(3=1,0,$B$14) | CN93: =-($B$14+(IF(3<=$B$6,$B$13*$B$15+$B$12,IF(3<=$B$6+$B$7,$B$13*$B$15,$B$13)))/CL93) | CO93: =IF(3=$B$6+$B$7,0,IF(3>$B$6+$B$7,$B$13/CL94,IF(3>=$B$6,$B$13*$B$15/CL94,($B$13*$B$15+$B$12)/CL94))) | CP93: =IF(3=$B$6,-$K$18*$B$12,0) | CQ93: =CO93/(CN93-CM93*CQ92) | CR93: =(CP93-CM93*CR92)/(CN93-CM93*CQ92) | CS93: =CR93-CQ93*CS94 | CT93: =IF(3>$B$6+$B$7,$G$19*$B$11^$H$19,$E$19*$B$9^$F$19) | CU93: =IF(3=1,0,$B$14) | CV93: =-($B$14+(IF(3<=$B$6,$B$13*$B$15+$B$12,IF(3<=$B$6+$B$7,$B$13*$B$15,$B$13)))/CT93) | CW93: =IF(3=$B$6+$B$7,0,IF(3>$B$6+$B$7,$B$13/CT94,IF(3>=$B$6,$B$13*$B$15/CT94,($B$13*$B$15+$B$12)/CT94))) | CX93: =IF(3=$B$6,-$K$19*$B$12,0) | CY93: =CW93/(CV93-CU93*CY92) | CZ93: =(CX93-CU93*CZ92)/(CV93-CU93*CY92) | DA93: =CZ93-CY93*DA94 | DB93: =IF(3>$B$6+$B$7,$G$20*$B$11^$H$20,$E$20*$B$9^$F$20) | DC93: =IF(3=1,0,$B$14) | DD93: =-($B$14+(IF(3<=$B$6,$B$13*$B$15+$B$12,IF(3<=$B$6+$B$7,$B$13*$B$15,$B$13)))/DB93) | DE93: =IF(3=$B$6+$B$7,0,IF(3>$B$6+$B$7,$B$13/DB94,IF(3>=$B$6,$B$13*$B$15/DB94,($B$13*$B$15+$B$12)/DB94))) | DF93: =IF(3=$B$6,-$K$20*$B$12,0) | DG93: =DE93/(DD93-DC93*DG92) | DH93: =(DF93-DC93*DH92)/(DD93-DC93*DG92) | DI93: =DH93-DG93*DI94 | DJ93: =IF(3>$B$6+$B$7,$G$21*$B$11^$H$21,$E$21*$B$9^$F$21) | DK93: =IF(3=1,0,$B$14) | DL93: =-($B$14+(IF(3<=$B$6,$B$13*$B$15+$B$12,IF(3<=$B$6+$B$7,$B$13*$B$15,$B$13)))/DJ93) | DM93: =IF(3=$B$6+$B$7,0,IF(3>$B$6+$B$7,$B$13/DJ94,IF(3>=$B$6,$B$13*$B$15/DJ94,($B$13*$B$15+$B$12)/DJ94))) | DN93: =IF(3=$B$6,-$K$21*$B$12,0) | DO93: =DM93/(DL93-DK93*DO92) | DP93: =(DN93-DK93*DP92)/(DL93-DK93*DO92) | DQ93: =DP93-DO93*DQ94 | DR93: =IF(3>$B$6+$B$7,$G$22*$B$11^$H$22,$E$22*$B$9^$F$22) | DS93: =IF(3=1,0,$B$14) | DT93: =-($B$14+(IF(3<=$B$6,$B$13*$B$15+$B$12,IF(3<=$B$6+$B$7,$B$13*$B$15,$B$13)))/DR93) | DU93: =IF(3=$B$6+$B$7,0,IF(3>$B$6+$B$7,$B$13/DR94,IF(3>=$B$6,$B$13*$B$15/DR94,($B$13*$B$15+$B$12)/DR94))) | DV93: =IF(3=$B$6,-$K$22*$B$12,0) | DW93: =DU93/(DT93-DS93*DW92) | DX93: =(DV93-DS93*DX92)/(DT93-DS93*DW92) | DY93: =DX93-DW93*DY94 | DZ93: =IF(3>$B$6+$B$7,$G$23*$B$11^$H$23,$E$23*$B$9^$F$23) | EA93: =IF(3=1,0,$B$14) | EB93: =-($B$14+(IF(3<=$B$6,$B$13*$B$15+$B$12,IF(3<=$B$6+$B$7,$B$13*$B$15,$B$13)))/DZ93) | EC93: =IF(3=$B$6+$B$7,0,IF(3>$B$6+$B$7,$B$13/DZ94,IF(3>=$B$6,$B$13*$B$15/DZ94,($B$13*$B$15+$B$12)/DZ94))) | ED93: =IF(3=$B$6,-$K$23*$B$12,0) | EE93: =EC93/(EB93-EA93*EE92) | EF93: =(ED93-EA93*EF92)/(EB93-EA93*EE92) | EG93: =EF93-EE93*EG94 | EH93: =IF(3>$B$6+$B$7,$G$24*$B$11^$H$24,$E$24*$B$9^$F$24) | EI93: =IF(3=1,0,$B$14) | EJ93: =-($B$14+(IF(3<=$B$6,$B$13*$B$15+$B$12,IF(3<=$B$6+$B$7,$B$13*$B$15,$B$13)))/EH93) | EK93: =IF(3=$B$6+$B$7,0,IF(3>$B$6+$B$7,$B$13/EH94,IF(3>=$B$6,$B$13*$B$15/EH94,($B$13*$B$15+$B$12)/EH94))) | EL93: =IF(3=$B$6,-$K$24*$B$12,0) | EM93: =EK93/(EJ93-EI93*EM92) | EN93: =(EL93-EI93*EN92)/(EJ93-EI93*EM92) | EO93: =EN93-EM93*EO94 | EP93: =IF(3>$B$6+$B$7,$G$25*$B$11^$H$25,$E$25*$B$9^$F$25) | EQ93: =IF(3=1,0,$B$14) | ER93: =-($B$14+(IF(3<=$B$6,$B$13*$B$15+$B$12,IF(3<=$B$6+$B$7,$B$13*$B$15,$B$13)))/EP93) | ES93: =IF(3=$B$6+$B$7,0,IF(3>$B$6+$B$7,$B$13/EP94,IF(3>=$B$6,$B$13*$B$15/EP94,($B$13*$B$15+$B$12)/EP94))) | ET93: =IF(3=$B$6,-$K$25*$B$12,0) | EU93: =ES93/(ER93-EQ93*EU92) | EV93: =(ET93-EQ93*EV92)/(ER93-EQ93*EU92) | EW93: =EV93-EU93*EW94 | EX93: =IF(3>$B$6+$B$7,$G$26*$B$11^$H$26,$E$26*$B$9^$F$26) | EY93: =IF(3=1,0,$B$14) | EZ93: =-($B$14+(IF(3<=$B$6,$B$13*$B$15+$B$12,IF(3<=$B$6+$B$7,$B$13*$B$15,$B$13)))/EX93) | FA93: =IF(3=$B$6+$B$7,0,IF(3>$B$6+$B$7,$B$13/EX94,IF(3>=$B$6,$B$13*$B$15/EX94,($B$13*$B$15+$B$12)/EX94))) | FB93: =IF(3=$B$6,-$K$26*$B$12,0) | FC93: =FA93/(EZ93-EY93*FC92) | FD93: =(FB93-EY93*FD92)/(EZ93-EY93*FC92) | FE93: =FD93-FC93*FE94 | FF93: =IF(3>$B$6+$B$7,$G$27*$B$11^$H$27,$E$27*$B$9^$F$27) | FG93: =IF(3=1,0,$B$14) | FH93: =-($B$14+(IF(3<=$B$6,$B$13*$B$15+$B$12,IF(3<=$B$6+$B$7,$B$13*$B$15,$B$13)))/FF93) | FI93: =IF(3=$B$6+$B$7,0,IF(3>$B$6+$B$7,$B$13/FF94,IF(3>=$B$6,$B$13*$B$15/FF94,($B$13*$B$15+$B$12)/FF94))) | FJ93: =IF(3=$B$6,-$K$27*$B$12,0) | FK93: =FI93/(FH93-FG93*FK92) | FL93: =(FJ93-FG93*FL92)/(FH93-FG93*FK92) | FM93: =FL93-FK93*FM94 | FN93: =IF(3>$B$6+$B$7,$G$28*$B$11^$H$28,$E$28*$B$9^$F$28) | FO93: =IF(3=1,0,$B$14) | FP93: =-($B$14+(IF(3<=$B$6,$B$13*$B$15+$B$12,IF(3<=$B$6+$B$7,$B$13*$B$15,$B$13)))/FN93) | FQ93: =IF(3=$B$6+$B$7,0,IF(3>$B$6+$B$7,$B$13/FN94,IF(3>=$B$6,$B$13*$B$15/FN94,($B$13*$B$15+$B$12)/FN94))) | FR93: =IF(3=$B$6,-$K$28*$B$12,0) | FS93: =FQ93/(FP93-FO93*FS92) | FT93: =(FR93-FO93*FT92)/(FP93-FO93*FS92) | FU93: =FT93-FS93*FU94 | FV93: =IF(3>$B$6+$B$7,$G$29*$B$11^$H$29,$E$29*$B$9^$F$29) | FW93: =IF(3=1,0,$B$14) | FX93: =-($B$14+(IF(3<=$B$6,$B$13*$B$15+$B$12,IF(3<=$B$6+$B$7,$B$13*$B$15,$B$13)))/FV93) | FY93: =IF(3=$B$6+$B$7,0,IF(3>$B$6+$B$7,$B$13/FV94,IF(3>=$B$6,$B$13*$B$15/FV94,($B$13*$B$15+$B$12)/FV94))) | FZ93: =IF(3=$B$6,-$K$29*$B$12,0) | GA93: =FY93/(FX93-FW93*GA92) | GB93: =(FZ93-FW93*GB92)/(FX93-FW93*GA92) | GC93: =GB93-GA93*GC94 | GD93: =IF(3>$B$6+$B$7,$G$30*$B$11^$H$30,$E$30*$B$9^$F$30) | GE93: =IF(3=1,0,$B$14) | GF93: =-($B$14+(IF(3<=$B$6,$B$13*$B$15+$B$12,IF(3<=$B$6+$B$7,$B$13*$B$15,$B$13)))/GD93) | GG93: =IF(3=$B$6+$B$7,0,IF(3>$B$6+$B$7,$B$13/GD94,IF(3>=$B$6,$B$13*$B$15/GD94,($B$13*$B$15+$B$12)/GD94))) | GH93: =IF(3=$B$6,-$K$30*$B$12,0) | GI93: =GG93/(GF93-GE93*GI92) | GJ93: =(GH93-GE93*GJ92)/(GF93-GE93*GI92) | GK93: =GJ93-GI93*GK94 | GL93: =IF(3>$B$6+$B$7,$G$31*$B$11^$H$31,$E$31*$B$9^$F$31) | GM93: =IF(3=1,0,$B$14) | GN93: =-($B$14+(IF(3<=$B$6,$B$13*$B$15+$B$12,IF(3<=$B$6+$B$7,$B$13*$B$15,$B$13)))/GL93) | GO93: =IF(3=$B$6+$B$7,0,IF(3>$B$6+$B$7,$B$13/GL94,IF(3>=$B$6,$B$13*$B$15/GL94,($B$13*$B$15+$B$12)/GL94))) | GP93: =IF(3=$B$6,-$K$31*$B$12,0) | GQ93: =GO93/(GN93-GM93*GQ92) | GR93: =(GP93-GM93*GR92)/(GN93-GM93*GQ92) | GS93: =GR93-GQ93*GS94 | GT93: =IF(3>$B$6+$B$7,$G$32*$B$11^$H$32,$E$32*$B$9^$F$32) | GU93: =IF(3=1,0,$B$14) | GV93: =-($B$14+(IF(3<=$B$6,$B$13*$B$15+$B$12,IF(3<=$B$6+$B$7,$B$13*$B$15,$B$13)))/GT93) | GW93: =IF(3=$B$6+$B$7,0,IF(3>$B$6+$B$7,$B$13/GT94,IF(3>=$B$6,$B$13*$B$15/GT94,($B$13*$B$15+$B$12)/GT94))) | GX93: =IF(3=$B$6,-$K$32*$B$12,0) | GY93: =GW93/(GV93-GU93*GY92) | GZ93: =(GX93-GU93*GZ92)/(GV93-GU93*GY92) | HA93: =GZ93-GY93*HA94 | HB93: =IFERROR(I93/B93,0) | HC93: =IFERROR(Q93/J93,0) | HD93: =IFERROR(Y93/R93,0) | HE93: =IFERROR(AG93/Z93,0) | HF93: =IFERROR(AO93/AH93,0) | HG93: =IFERROR(AW93/AP93,0) | HH93: =IFERROR(BE93/AX93,0) | HI93: =IFERROR(BM93/BF93,0) | HJ93: =IFERROR(BU93/BN93,0) | HK93: =IFERROR(CC93/BV93,0) | HL93: =IFERROR(CK93/CD93,0) | HM93: =IFERROR(CS93/CL93,0) | HN93: =IFERROR(DA93/CT93,0) | HO93: =IFERROR(DI93/DB93,0) | HP93: =IFERROR(DQ93/DJ93,0) | HQ93: =IFERROR(DY93/DR93,0) | HR93: =IFERROR(EG93/DZ93,0) | HS93: =IFERROR(EO93/EH93,0) | HT93: =IFERROR(EW93/EP93,0) | HU93: =IFERROR(FE93/EX93,0) | HV93: =IFERROR(FM93/FF93,0) | HW93: =IFERROR(FU93/FN93,0) | HX93: =IFERROR(GC93/FV93,0) | HY93: =IFERROR(GK93/GD93,0) | HZ93: =IFERROR(GS93/GL93,0) | IA93: =IFERROR(HA93/GT93,0) | IB93: =I93+Q93+Y93+AG93+AO93+AW93+BE93+BM93+BU93+CC93+CK93+CS93+DA93+DI93+DQ93+DY93+EG93+EO93+EW93+FE93+FM93+FU93+GC93+GK93+GS93+HA93 | IC93: =HB93+HC93+HD93+HE93+HF93+HG93+HH93+HI93+HJ93+HK93+HL93+HM93+HN93+HO93+HP93+HQ93+HR93+HS93+HT93+HU93+HV93+HW93+HX93+HY93+HZ93+IA93
A94: 4 | B94: =IF(4>$B$6+$B$7,$G$7*$B$11^$H$7,$E$7*$B$9^$F$7) | C94: =IF(4=1,0,$B$14) | D94: =-($B$14+(IF(4<=$B$6,$B$13*$B$15+$B$12,IF(4<=$B$6+$B$7,$B$13*$B$15,$B$13)))/B94) | E94: =IF(4=$B$6+$B$7,0,IF(4>$B$6+$B$7,$B$13/B95,IF(4>=$B$6,$B$13*$B$15/B95,($B$13*$B$15+$B$12)/B95))) | F94: =IF(4=$B$6,-$K$7*$B$12,0) | G94: =E94/(D94-C94*G93) | H94: =(F94-C94*H93)/(D94-C94*G93) | I94: =H94-G94*I95 | J94: =IF(4>$B$6+$B$7,$G$8*$B$11^$H$8,$E$8*$B$9^$F$8) | K94: =IF(4=1,0,$B$14) | L94: =-($B$14+(IF(4<=$B$6,$B$13*$B$15+$B$12,IF(4<=$B$6+$B$7,$B$13*$B$15,$B$13)))/J94) | M94: =IF(4=$B$6+$B$7,0,IF(4>$B$6+$B$7,$B$13/J95,IF(4>=$B$6,$B$13*$B$15/J95,($B$13*$B$15+$B$12)/J95))) | N94: =IF(4=$B$6,-$K$8*$B$12,0) | O94: =M94/(L94-K94*O93) | P94: =(N94-K94*P93)/(L94-K94*O93) | Q94: =P94-O94*Q95 | R94: =IF(4>$B$6+$B$7,$G$9*$B$11^$H$9,$E$9*$B$9^$F$9) | S94: =IF(4=1,0,$B$14) | T94: =-($B$14+(IF(4<=$B$6,$B$13*$B$15+$B$12,IF(4<=$B$6+$B$7,$B$13*$B$15,$B$13)))/R94) | U94: =IF(4=$B$6+$B$7,0,IF(4>$B$6+$B$7,$B$13/R95,IF(4>=$B$6,$B$13*$B$15/R95,($B$13*$B$15+$B$12)/R95))) | V94: =IF(4=$B$6,-$K$9*$B$12,0) | W94: =U94/(T94-S94*W93) | X94: =(V94-S94*X93)/(T94-S94*W93) | Y94: =X94-W94*Y95 | Z94: =IF(4>$B$6+$B$7,$G$10*$B$11^$H$10,$E$10*$B$9^$F$10) | AA94: =IF(4=1,0,$B$14) | AB94: =-($B$14+(IF(4<=$B$6,$B$13*$B$15+$B$12,IF(4<=$B$6+$B$7,$B$13*$B$15,$B$13)))/Z94) | AC94: =IF(4=$B$6+$B$7,0,IF(4>$B$6+$B$7,$B$13/Z95,IF(4>=$B$6,$B$13*$B$15/Z95,($B$13*$B$15+$B$12)/Z95))) | AD94: =IF(4=$B$6,-$K$10*$B$12,0) | AE94: =AC94/(AB94-AA94*AE93) | AF94: =(AD94-AA94*AF93)/(AB94-AA94*AE93) | AG94: =AF94-AE94*AG95 | AH94: =IF(4>$B$6+$B$7,$G$11*$B$11^$H$11,$E$11*$B$9^$F$11) | AI94: =IF(4=1,0,$B$14) | AJ94: =-($B$14+(IF(4<=$B$6,$B$13*$B$15+$B$12,IF(4<=$B$6+$B$7,$B$13*$B$15,$B$13)))/AH94) | AK94: =IF(4=$B$6+$B$7,0,IF(4>$B$6+$B$7,$B$13/AH95,IF(4>=$B$6,$B$13*$B$15/AH95,($B$13*$B$15+$B$12)/AH95))) | AL94: =IF(4=$B$6,-$K$11*$B$12,0) | AM94: =AK94/(AJ94-AI94*AM93) | AN94: =(AL94-AI94*AN93)/(AJ94-AI94*AM93) | AO94: =AN94-AM94*AO95 | AP94: =IF(4>$B$6+$B$7,$G$12*$B$11^$H$12,$E$12*$B$9^$F$12) | AQ94: =IF(4=1,0,$B$14) | AR94: =-($B$14+(IF(4<=$B$6,$B$13*$B$15+$B$12,IF(4<=$B$6+$B$7,$B$13*$B$15,$B$13)))/AP94) | AS94: =IF(4=$B$6+$B$7,0,IF(4>$B$6+$B$7,$B$13/AP95,IF(4>=$B$6,$B$13*$B$15/AP95,($B$13*$B$15+$B$12)/AP95))) | AT94: =IF(4=$B$6,-$K$12*$B$12,0) | AU94: =AS94/(AR94-AQ94*AU93) | AV94: =(AT94-AQ94*AV93)/(AR94-AQ94*AU93) | AW94: =AV94-AU94*AW95 | AX94: =IF(4>$B$6+$B$7,$G$13*$B$11^$H$13,$E$13*$B$9^$F$13) | AY94: =IF(4=1,0,$B$14) | AZ94: =-($B$14+(IF(4<=$B$6,$B$13*$B$15+$B$12,IF(4<=$B$6+$B$7,$B$13*$B$15,$B$13)))/AX94) | BA94: =IF(4=$B$6+$B$7,0,IF(4>$B$6+$B$7,$B$13/AX95,IF(4>=$B$6,$B$13*$B$15/AX95,($B$13*$B$15+$B$12)/AX95))) | BB94: =IF(4=$B$6,-$K$13*$B$12,0) | BC94: =BA94/(AZ94-AY94*BC93) | BD94: =(BB94-AY94*BD93)/(AZ94-AY94*BC93) | BE94: =BD94-BC94*BE95 | BF94: =IF(4>$B$6+$B$7,$G$14*$B$11^$H$14,$E$14*$B$9^$F$14) | BG94: =IF(4=1,0,$B$14) | BH94: =-($B$14+(IF(4<=$B$6,$B$13*$B$15+$B$12,IF(4<=$B$6+$B$7,$B$13*$B$15,$B$13)))/BF94) | BI94: =IF(4=$B$6+$B$7,0,IF(4>$B$6+$B$7,$B$13/BF95,IF(4>=$B$6,$B$13*$B$15/BF95,($B$13*$B$15+$B$12)/BF95))) | BJ94: =IF(4=$B$6,-$K$14*$B$12,0) | BK94: =BI94/(BH94-BG94*BK93) | BL94: =(BJ94-BG94*BL93)/(BH94-BG94*BK93) | BM94: =BL94-BK94*BM95 | BN94: =IF(4>$B$6+$B$7,$G$15*$B$11^$H$15,$E$15*$B$9^$F$15) | BO94: =IF(4=1,0,$B$14) | BP94: =-($B$14+(IF(4<=$B$6,$B$13*$B$15+$B$12,IF(4<=$B$6+$B$7,$B$13*$B$15,$B$13)))/BN94) | BQ94: =IF(4=$B$6+$B$7,0,IF(4>$B$6+$B$7,$B$13/BN95,IF(4>=$B$6,$B$13*$B$15/BN95,($B$13*$B$15+$B$12)/BN95))) | BR94: =IF(4=$B$6,-$K$15*$B$12,0) | BS94: =BQ94/(BP94-BO94*BS93) | BT94: =(BR94-BO94*BT93)/(BP94-BO94*BS93) | BU94: =BT94-BS94*BU95 | BV94: =IF(4>$B$6+$B$7,$G$16*$B$11^$H$16,$E$16*$B$9^$F$16) | BW94: =IF(4=1,0,$B$14) | BX94: =-($B$14+(IF(4<=$B$6,$B$13*$B$15+$B$12,IF(4<=$B$6+$B$7,$B$13*$B$15,$B$13)))/BV94) | BY94: =IF(4=$B$6+$B$7,0,IF(4>$B$6+$B$7,$B$13/BV95,IF(4>=$B$6,$B$13*$B$15/BV95,($B$13*$B$15+$B$12)/BV95))) | BZ94: =IF(4=$B$6,-$K$16*$B$12,0) | CA94: =BY94/(BX94-BW94*CA93) | CB94: =(BZ94-BW94*CB93)/(BX94-BW94*CA93) | CC94: =CB94-CA94*CC95 | CD94: =IF(4>$B$6+$B$7,$G$17*$B$11^$H$17,$E$17*$B$9^$F$17) | CE94: =IF(4=1,0,$B$14) | CF94: =-($B$14+(IF(4<=$B$6,$B$13*$B$15+$B$12,IF(4<=$B$6+$B$7,$B$13*$B$15,$B$13)))/CD94) | CG94: =IF(4=$B$6+$B$7,0,IF(4>$B$6+$B$7,$B$13/CD95,IF(4>=$B$6,$B$13*$B$15/CD95,($B$13*$B$15+$B$12)/CD95))) | CH94: =IF(4=$B$6,-$K$17*$B$12,0) | CI94: =CG94/(CF94-CE94*CI93) | CJ94: =(CH94-CE94*CJ93)/(CF94-CE94*CI93) | CK94: =CJ94-CI94*CK95 | CL94: =IF(4>$B$6+$B$7,$G$18*$B$11^$H$18,$E$18*$B$9^$F$18) | CM94: =IF(4=1,0,$B$14) | CN94: =-($B$14+(IF(4<=$B$6,$B$13*$B$15+$B$12,IF(4<=$B$6+$B$7,$B$13*$B$15,$B$13)))/CL94) | CO94: =IF(4=$B$6+$B$7,0,IF(4>$B$6+$B$7,$B$13/CL95,IF(4>=$B$6,$B$13*$B$15/CL95,($B$13*$B$15+$B$12)/CL95))) | CP94: =IF(4=$B$6,-$K$18*$B$12,0) | CQ94: =CO94/(CN94-CM94*CQ93) | CR94: =(CP94-CM94*CR93)/(CN94-CM94*CQ93) | CS94: =CR94-CQ94*CS95 | CT94: =IF(4>$B$6+$B$7,$G$19*$B$11^$H$19,$E$19*$B$9^$F$19) | CU94: =IF(4=1,0,$B$14) | CV94: =-($B$14+(IF(4<=$B$6,$B$13*$B$15+$B$12,IF(4<=$B$6+$B$7,$B$13*$B$15,$B$13)))/CT94) | CW94: =IF(4=$B$6+$B$7,0,IF(4>$B$6+$B$7,$B$13/CT95,IF(4>=$B$6,$B$13*$B$15/CT95,($B$13*$B$15+$B$12)/CT95))) | CX94: =IF(4=$B$6,-$K$19*$B$12,0) | CY94: =CW94/(CV94-CU94*CY93) | CZ94: =(CX94-CU94*CZ93)/(CV94-CU94*CY93) | DA94: =CZ94-CY94*DA95 | DB94: =IF(4>$B$6+$B$7,$G$20*$B$11^$H$20,$E$20*$B$9^$F$20) | DC94: =IF(4=1,0,$B$14) | DD94: =-($B$14+(IF(4<=$B$6,$B$13*$B$15+$B$12,IF(4<=$B$6+$B$7,$B$13*$B$15,$B$13)))/DB94) | DE94: =IF(4=$B$6+$B$7,0,IF(4>$B$6+$B$7,$B$13/DB95,IF(4>=$B$6,$B$13*$B$15/DB95,($B$13*$B$15+$B$12)/DB95))) | DF94: =IF(4=$B$6,-$K$20*$B$12,0) | DG94: =DE94/(DD94-DC94*DG93) | DH94: =(DF94-DC94*DH93)/(DD94-DC94*DG93) | DI94: =DH94-DG94*DI95 | DJ94: =IF(4>$B$6+$B$7,$G$21*$B$11^$H$21,$E$21*$B$9^$F$21) | DK94: =IF(4=1,0,$B$14) | DL94: =-($B$14+(IF(4<=$B$6,$B$13*$B$15+$B$12,IF(4<=$B$6+$B$7,$B$13*$B$15,$B$13)))/DJ94) | DM94: =IF(4=$B$6+$B$7,0,IF(4>$B$6+$B$7,$B$13/DJ95,IF(4>=$B$6,$B$13*$B$15/DJ95,($B$13*$B$15+$B$12)/DJ95))) | DN94: =IF(4=$B$6,-$K$21*$B$12,0) | DO94: =DM94/(DL94-DK94*DO93) | DP94: =(DN94-DK94*DP93)/(DL94-DK94*DO93) | DQ94: =DP94-DO94*DQ95 | DR94: =IF(4>$B$6+$B$7,$G$22*$B$11^$H$22,$E$22*$B$9^$F$22) | DS94: =IF(4=1,0,$B$14) | DT94: =-($B$14+(IF(4<=$B$6,$B$13*$B$15+$B$12,IF(4<=$B$6+$B$7,$B$13*$B$15,$B$13)))/DR94) | DU94: =IF(4=$B$6+$B$7,0,IF(4>$B$6+$B$7,$B$13/DR95,IF(4>=$B$6,$B$13*$B$15/DR95,($B$13*$B$15+$B$12)/DR95))) | DV94: =IF(4=$B$6,-$K$22*$B$12,0) | DW94: =DU94/(DT94-DS94*DW93) | DX94: =(DV94-DS94*DX93)/(DT94-DS94*DW93) | DY94: =DX94-DW94*DY95 | DZ94: =IF(4>$B$6+$B$7,$G$23*$B$11^$H$23,$E$23*$B$9^$F$23) | EA94: =IF(4=1,0,$B$14) | EB94: =-($B$14+(IF(4<=$B$6,$B$13*$B$15+$B$12,IF(4<=$B$6+$B$7,$B$13*$B$15,$B$13)))/DZ94) | EC94: =IF(4=$B$6+$B$7,0,IF(4>$B$6+$B$7,$B$13/DZ95,IF(4>=$B$6,$B$13*$B$15/DZ95,($B$13*$B$15+$B$12)/DZ95))) | ED94: =IF(4=$B$6,-$K$23*$B$12,0) | EE94: =EC94/(EB94-EA94*EE93) | EF94: =(ED94-EA94*EF93)/(EB94-EA94*EE93) | EG94: =EF94-EE94*EG95 | EH94: =IF(4>$B$6+$B$7,$G$24*$B$11^$H$24,$E$24*$B$9^$F$24) | EI94: =IF(4=1,0,$B$14) | EJ94: =-($B$14+(IF(4<=$B$6,$B$13*$B$15+$B$12,IF(4<=$B$6+$B$7,$B$13*$B$15,$B$13)))/EH94) | EK94: =IF(4=$B$6+$B$7,0,IF(4>$B$6+$B$7,$B$13/EH95,IF(4>=$B$6,$B$13*$B$15/EH95,($B$13*$B$15+$B$12)/EH95))) | EL94: =IF(4=$B$6,-$K$24*$B$12,0) | EM94: =EK94/(EJ94-EI94*EM93) | EN94: =(EL94-EI94*EN93)/(EJ94-EI94*EM93) | EO94: =EN94-EM94*EO95 | EP94: =IF(4>$B$6+$B$7,$G$25*$B$11^$H$25,$E$25*$B$9^$F$25) | EQ94: =IF(4=1,0,$B$14) | ER94: =-($B$14+(IF(4<=$B$6,$B$13*$B$15+$B$12,IF(4<=$B$6+$B$7,$B$13*$B$15,$B$13)))/EP94) | ES94: =IF(4=$B$6+$B$7,0,IF(4>$B$6+$B$7,$B$13/EP95,IF(4>=$B$6,$B$13*$B$15/EP95,($B$13*$B$15+$B$12)/EP95))) | ET94: =IF(4=$B$6,-$K$25*$B$12,0) | EU94: =ES94/(ER94-EQ94*EU93) | EV94: =(ET94-EQ94*EV93)/(ER94-EQ94*EU93) | EW94: =EV94-EU94*EW95 | EX94: =IF(4>$B$6+$B$7,$G$26*$B$11^$H$26,$E$26*$B$9^$F$26) | EY94: =IF(4=1,0,$B$14) | EZ94: =-($B$14+(IF(4<=$B$6,$B$13*$B$15+$B$12,IF(4<=$B$6+$B$7,$B$13*$B$15,$B$13)))/EX94) | FA94: =IF(4=$B$6+$B$7,0,IF(4>$B$6+$B$7,$B$13/EX95,IF(4>=$B$6,$B$13*$B$15/EX95,($B$13*$B$15+$B$12)/EX95))) | FB94: =IF(4=$B$6,-$K$26*$B$12,0) | FC94: =FA94/(EZ94-EY94*FC93) | FD94: =(FB94-EY94*FD93)/(EZ94-EY94*FC93) | FE94: =FD94-FC94*FE95 | FF94: =IF(4>$B$6+$B$7,$G$27*$B$11^$H$27,$E$27*$B$9^$F$27) | FG94: =IF(4=1,0,$B$14) | FH94: =-($B$14+(IF(4<=$B$6,$B$13*$B$15+$B$12,IF(4<=$B$6+$B$7,$B$13*$B$15,$B$13)))/FF94) | FI94: =IF(4=$B$6+$B$7,0,IF(4>$B$6+$B$7,$B$13/FF95,IF(4>=$B$6,$B$13*$B$15/FF95,($B$13*$B$15+$B$12)/FF95))) | FJ94: =IF(4=$B$6,-$K$27*$B$12,0) | FK94: =FI94/(FH94-FG94*FK93) | FL94: =(FJ94-FG94*FL93)/(FH94-FG94*FK93) | FM94: =FL94-FK94*FM95 | FN94: =IF(4>$B$6+$B$7,$G$28*$B$11^$H$28,$E$28*$B$9^$F$28) | FO94: =IF(4=1,0,$B$14) | FP94: =-($B$14+(IF(4<=$B$6,$B$13*$B$15+$B$12,IF(4<=$B$6+$B$7,$B$13*$B$15,$B$13)))/FN94) | FQ94: =IF(4=$B$6+$B$7,0,IF(4>$B$6+$B$7,$B$13/FN95,IF(4>=$B$6,$B$13*$B$15/FN95,($B$13*$B$15+$B$12)/FN95))) | FR94: =IF(4=$B$6,-$K$28*$B$12,0) | FS94: =FQ94/(FP94-FO94*FS93) | FT94: =(FR94-FO94*FT93)/(FP94-FO94*FS93) | FU94: =FT94-FS94*FU95 | FV94: =IF(4>$B$6+$B$7,$G$29*$B$11^$H$29,$E$29*$B$9^$F$29) | FW94: =IF(4=1,0,$B$14) | FX94: =-($B$14+(IF(4<=$B$6,$B$13*$B$15+$B$12,IF(4<=$B$6+$B$7,$B$13*$B$15,$B$13)))/FV94) | FY94: =IF(4=$B$6+$B$7,0,IF(4>$B$6+$B$7,$B$13/FV95,IF(4>=$B$6,$B$13*$B$15/FV95,($B$13*$B$15+$B$12)/FV95))) | FZ94: =IF(4=$B$6,-$K$29*$B$12,0) | GA94: =FY94/(FX94-FW94*GA93) | GB94: =(FZ94-FW94*GB93)/(FX94-FW94*GA93) | GC94: =GB94-GA94*GC95 | GD94: =IF(4>$B$6+$B$7,$G$30*$B$11^$H$30,$E$30*$B$9^$F$30) | GE94: =IF(4=1,0,$B$14) | GF94: =-($B$14+(IF(4<=$B$6,$B$13*$B$15+$B$12,IF(4<=$B$6+$B$7,$B$13*$B$15,$B$13)))/GD94) | GG94: =IF(4=$B$6+$B$7,0,IF(4>$B$6+$B$7,$B$13/GD95,IF(4>=$B$6,$B$13*$B$15/GD95,($B$13*$B$15+$B$12)/GD95))) | GH94: =IF(4=$B$6,-$K$30*$B$12,0) | GI94: =GG94/(GF94-GE94*GI93) | GJ94: =(GH94-GE94*GJ93)/(GF94-GE94*GI93) | GK94: =GJ94-GI94*GK95 | GL94: =IF(4>$B$6+$B$7,$G$31*$B$11^$H$31,$E$31*$B$9^$F$31) | GM94: =IF(4=1,0,$B$14) | GN94: =-($B$14+(IF(4<=$B$6,$B$13*$B$15+$B$12,IF(4<=$B$6+$B$7,$B$13*$B$15,$B$13)))/GL94) | GO94: =IF(4=$B$6+$B$7,0,IF(4>$B$6+$B$7,$B$13/GL95,IF(4>=$B$6,$B$13*$B$15/GL95,($B$13*$B$15+$B$12)/GL95))) | GP94: =IF(4=$B$6,-$K$31*$B$12,0) | GQ94: =GO94/(GN94-GM94*GQ93) | GR94: =(GP94-GM94*GR93)/(GN94-GM94*GQ93) | GS94: =GR94-GQ94*GS95 | GT94: =IF(4>$B$6+$B$7,$G$32*$B$11^$H$32,$E$32*$B$9^$F$32) | GU94: =IF(4=1,0,$B$14) | GV94: =-($B$14+(IF(4<=$B$6,$B$13*$B$15+$B$12,IF(4<=$B$6+$B$7,$B$13*$B$15,$B$13)))/GT94) | GW94: =IF(4=$B$6+$B$7,0,IF(4>$B$6+$B$7,$B$13/GT95,IF(4>=$B$6,$B$13*$B$15/GT95,($B$13*$B$15+$B$12)/GT95))) | GX94: =IF(4=$B$6,-$K$32*$B$12,0) | GY94: =GW94/(GV94-GU94*GY93) | GZ94: =(GX94-GU94*GZ93)/(GV94-GU94*GY93) | HA94: =GZ94-GY94*HA95 | HB94: =IFERROR(I94/B94,0) | HC94: =IFERROR(Q94/J94,0) | HD94: =IFERROR(Y94/R94,0) | HE94: =IFERROR(AG94/Z94,0) | HF94: =IFERROR(AO94/AH94,0) | HG94: =IFERROR(AW94/AP94,0) | HH94: =IFERROR(BE94/AX94,0) | HI94: =IFERROR(BM94/BF94,0) | HJ94: =IFERROR(BU94/BN94,0) | HK94: =IFERROR(CC94/BV94,0) | HL94: =IFERROR(CK94/CD94,0) | HM94: =IFERROR(CS94/CL94,0) | HN94: =IFERROR(DA94/CT94,0) | HO94: =IFERROR(DI94/DB94,0) | HP94: =IFERROR(DQ94/DJ94,0) | HQ94: =IFERROR(DY94/DR94,0) | HR94: =IFERROR(EG94/DZ94,0) | HS94: =IFERROR(EO94/EH94,0) | HT94: =IFERROR(EW94/EP94,0) | HU94: =IFERROR(FE94/EX94,0) | HV94: =IFERROR(FM94/FF94,0) | HW94: =IFERROR(FU94/FN94,0) | HX94: =IFERROR(GC94/FV94,0) | HY94: =IFERROR(GK94/GD94,0) | HZ94: =IFERROR(GS94/GL94,0) | IA94: =IFERROR(HA94/GT94,0) | IB94: =I94+Q94+Y94+AG94+AO94+AW94+BE94+BM94+BU94+CC94+CK94+CS94+DA94+DI94+DQ94+DY94+EG94+EO94+EW94+FE94+FM94+FU94+GC94+GK94+GS94+HA94 | IC94: =HB94+HC94+HD94+HE94+HF94+HG94+HH94+HI94+HJ94+HK94+HL94+HM94+HN94+HO94+HP94+HQ94+HR94+HS94+HT94+HU94+HV94+HW94+HX94+HY94+HZ94+IA94
A95: 5 | B95: =IF(5>$B$6+$B$7,$G$7*$B$11^$H$7,$E$7*$B$9^$F$7) | C95: =IF(5=1,0,$B$14) | D95: =-($B$14+(IF(5<=$B$6,$B$13*$B$15+$B$12,IF(5<=$B$6+$B$7,$B$13*$B$15,$B$13)))/B95) | E95: =IF(5=$B$6+$B$7,0,IF(5>$B$6+$B$7,$B$13/B96,IF(5>=$B$6,$B$13*$B$15/B96,($B$13*$B$15+$B$12)/B96))) | F95: =IF(5=$B$6,-$K$7*$B$12,0) | G95: =E95/(D95-C95*G94) | H95: =(F95-C95*H94)/(D95-C95*G94) | I95: =H95-G95*I96 | J95: =IF(5>$B$6+$B$7,$G$8*$B$11^$H$8,$E$8*$B$9^$F$8) | K95: =IF(5=1,0,$B$14) | L95: =-($B$14+(IF(5<=$B$6,$B$13*$B$15+$B$12,IF(5<=$B$6+$B$7,$B$13*$B$15,$B$13)))/J95) | M95: =IF(5=$B$6+$B$7,0,IF(5>$B$6+$B$7,$B$13/J96,IF(5>=$B$6,$B$13*$B$15/J96,($B$13*$B$15+$B$12)/J96))) | N95: =IF(5=$B$6,-$K$8*$B$12,0) | O95: =M95/(L95-K95*O94) | P95: =(N95-K95*P94)/(L95-K95*O94) | Q95: =P95-O95*Q96 | R95: =IF(5>$B$6+$B$7,$G$9*$B$11^$H$9,$E$9*$B$9^$F$9) | S95: =IF(5=1,0,$B$14) | T95: =-($B$14+(IF(5<=$B$6,$B$13*$B$15+$B$12,IF(5<=$B$6+$B$7,$B$13*$B$15,$B$13)))/R95) | U95: =IF(5=$B$6+$B$7,0,IF(5>$B$6+$B$7,$B$13/R96,IF(5>=$B$6,$B$13*$B$15/R96,($B$13*$B$15+$B$12)/R96))) | V95: =IF(5=$B$6,-$K$9*$B$12,0) | W95: =U95/(T95-S95*W94) | X95: =(V95-S95*X94)/(T95-S95*W94) | Y95: =X95-W95*Y96 | Z95: =IF(5>$B$6+$B$7,$G$10*$B$11^$H$10,$E$10*$B$9^$F$10) | AA95: =IF(5=1,0,$B$14) | AB95: =-($B$14+(IF(5<=$B$6,$B$13*$B$15+$B$12,IF(5<=$B$6+$B$7,$B$13*$B$15,$B$13)))/Z95) | AC95: =IF(5=$B$6+$B$7,0,IF(5>$B$6+$B$7,$B$13/Z96,IF(5>=$B$6,$B$13*$B$15/Z96,($B$13*$B$15+$B$12)/Z96))) | AD95: =IF(5=$B$6,-$K$10*$B$12,0) | AE95: =AC95/(AB95-AA95*AE94) | AF95: =(AD95-AA95*AF94)/(AB95-AA95*AE94) | AG95: =AF95-AE95*AG96 | AH95: =IF(5>$B$6+$B$7,$G$11*$B$11^$H$11,$E$11*$B$9^$F$11) | AI95: =IF(5=1,0,$B$14) | AJ95: =-($B$14+(IF(5<=$B$6,$B$13*$B$15+$B$12,IF(5<=$B$6+$B$7,$B$13*$B$15,$B$13)))/AH95) | AK95: =IF(5=$B$6+$B$7,0,IF(5>$B$6+$B$7,$B$13/AH96,IF(5>=$B$6,$B$13*$B$15/AH96,($B$13*$B$15+$B$12)/AH96))) | AL95: =IF(5=$B$6,-$K$11*$B$12,0) | AM95: =AK95/(AJ95-AI95*AM94) | AN95: =(AL95-AI95*AN94)/(AJ95-AI95*AM94) | AO95: =AN95-AM95*AO96 | AP95: =IF(5>$B$6+$B$7,$G$12*$B$11^$H$12,$E$12*$B$9^$F$12) | AQ95: =IF(5=1,0,$B$14) | AR95: =-($B$14+(IF(5<=$B$6,$B$13*$B$15+$B$12,IF(5<=$B$6+$B$7,$B$13*$B$15,$B$13)))/AP95) | AS95: =IF(5=$B$6+$B$7,0,IF(5>$B$6+$B$7,$B$13/AP96,IF(5>=$B$6,$B$13*$B$15/AP96,($B$13*$B$15+$B$12)/AP96))) | AT95: =IF(5=$B$6,-$K$12*$B$12,0) | AU95: =AS95/(AR95-AQ95*AU94) | AV95: =(AT95-AQ95*AV94)/(AR95-AQ95*AU94) | AW95: =AV95-AU95*AW96 | AX95: =IF(5>$B$6+$B$7,$G$13*$B$11^$H$13,$E$13*$B$9^$F$13) | AY95: =IF(5=1,0,$B$14) | AZ95: =-($B$14+(IF(5<=$B$6,$B$13*$B$15+$B$12,IF(5<=$B$6+$B$7,$B$13*$B$15,$B$13)))/AX95) | BA95: =IF(5=$B$6+$B$7,0,IF(5>$B$6+$B$7,$B$13/AX96,IF(5>=$B$6,$B$13*$B$15/AX96,($B$13*$B$15+$B$12)/AX96))) | BB95: =IF(5=$B$6,-$K$13*$B$12,0) | BC95: =BA95/(AZ95-AY95*BC94) | BD95: =(BB95-AY95*BD94)/(AZ95-AY95*BC94) | BE95: =BD95-BC95*BE96 | BF95: =IF(5>$B$6+$B$7,$G$14*$B$11^$H$14,$E$14*$B$9^$F$14) | BG95: =IF(5=1,0,$B$14) | BH95: =-($B$14+(IF(5<=$B$6,$B$13*$B$15+$B$12,IF(5<=$B$6+$B$7,$B$13*$B$15,$B$13)))/BF95) | BI95: =IF(5=$B$6+$B$7,0,IF(5>$B$6+$B$7,$B$13/BF96,IF(5>=$B$6,$B$13*$B$15/BF96,($B$13*$B$15+$B$12)/BF96))) | BJ95: =IF(5=$B$6,-$K$14*$B$12,0) | BK95: =BI95/(BH95-BG95*BK94) | BL95: =(BJ95-BG95*BL94)/(BH95-BG95*BK94) | BM95: =BL95-BK95*BM96 | BN95: =IF(5>$B$6+$B$7,$G$15*$B$11^$H$15,$E$15*$B$9^$F$15) | BO95: =IF(5=1,0,$B$14) | BP95: =-($B$14+(IF(5<=$B$6,$B$13*$B$15+$B$12,IF(5<=$B$6+$B$7,$B$13*$B$15,$B$13)))/BN95) | BQ95: =IF(5=$B$6+$B$7,0,IF(5>$B$6+$B$7,$B$13/BN96,IF(5>=$B$6,$B$13*$B$15/BN96,($B$13*$B$15+$B$12)/BN96))) | BR95: =IF(5=$B$6,-$K$15*$B$12,0) | BS95: =BQ95/(BP95-BO95*BS94) | BT95: =(BR95-BO95*BT94)/(BP95-BO95*BS94) | BU95: =BT95-BS95*BU96 | BV95: =IF(5>$B$6+$B$7,$G$16*$B$11^$H$16,$E$16*$B$9^$F$16) | BW95: =IF(5=1,0,$B$14) | BX95: =-($B$14+(IF(5<=$B$6,$B$13*$B$15+$B$12,IF(5<=$B$6+$B$7,$B$13*$B$15,$B$13)))/BV95) | BY95: =IF(5=$B$6+$B$7,0,IF(5>$B$6+$B$7,$B$13/BV96,IF(5>=$B$6,$B$13*$B$15/BV96,($B$13*$B$15+$B$12)/BV96))) | BZ95: =IF(5=$B$6,-$K$16*$B$12,0) | CA95: =BY95/(BX95-BW95*CA94) | CB95: =(BZ95-BW95*CB94)/(BX95-BW95*CA94) | CC95: =CB95-CA95*CC96 | CD95: =IF(5>$B$6+$B$7,$G$17*$B$11^$H$17,$E$17*$B$9^$F$17) | CE95: =IF(5=1,0,$B$14) | CF95: =-($B$14+(IF(5<=$B$6,$B$13*$B$15+$B$12,IF(5<=$B$6+$B$7,$B$13*$B$15,$B$13)))/CD95) | CG95: =IF(5=$B$6+$B$7,0,IF(5>$B$6+$B$7,$B$13/CD96,IF(5>=$B$6,$B$13*$B$15/CD96,($B$13*$B$15+$B$12)/CD96))) | CH95: =IF(5=$B$6,-$K$17*$B$12,0) | CI95: =CG95/(CF95-CE95*CI94) | CJ95: =(CH95-CE95*CJ94)/(CF95-CE95*CI94) | CK95: =CJ95-CI95*CK96 | CL95: =IF(5>$B$6+$B$7,$G$18*$B$11^$H$18,$E$18*$B$9^$F$18) | CM95: =IF(5=1,0,$B$14) | CN95: =-($B$14+(IF(5<=$B$6,$B$13*$B$15+$B$12,IF(5<=$B$6+$B$7,$B$13*$B$15,$B$13)))/CL95) | CO95: =IF(5=$B$6+$B$7,0,IF(5>$B$6+$B$7,$B$13/CL96,IF(5>=$B$6,$B$13*$B$15/CL96,($B$13*$B$15+$B$12)/CL96))) | CP95: =IF(5=$B$6,-$K$18*$B$12,0) | CQ95: =CO95/(CN95-CM95*CQ94) | CR95: =(CP95-CM95*CR94)/(CN95-CM95*CQ94) | CS95: =CR95-CQ95*CS96 | CT95: =IF(5>$B$6+$B$7,$G$19*$B$11^$H$19,$E$19*$B$9^$F$19) | CU95: =IF(5=1,0,$B$14) | CV95: =-($B$14+(IF(5<=$B$6,$B$13*$B$15+$B$12,IF(5<=$B$6+$B$7,$B$13*$B$15,$B$13)))/CT95) | CW95: =IF(5=$B$6+$B$7,0,IF(5>$B$6+$B$7,$B$13/CT96,IF(5>=$B$6,$B$13*$B$15/CT96,($B$13*$B$15+$B$12)/CT96))) | CX95: =IF(5=$B$6,-$K$19*$B$12,0) | CY95: =CW95/(CV95-CU95*CY94) | CZ95: =(CX95-CU95*CZ94)/(CV95-CU95*CY94) | DA95: =CZ95-CY95*DA96 | DB95: =IF(5>$B$6+$B$7,$G$20*$B$11^$H$20,$E$20*$B$9^$F$20) | DC95: =IF(5=1,0,$B$14) | DD95: =-($B$14+(IF(5<=$B$6,$B$13*$B$15+$B$12,IF(5<=$B$6+$B$7,$B$13*$B$15,$B$13)))/DB95) | DE95: =IF(5=$B$6+$B$7,0,IF(5>$B$6+$B$7,$B$13/DB96,IF(5>=$B$6,$B$13*$B$15/DB96,($B$13*$B$15+$B$12)/DB96))) | DF95: =IF(5=$B$6,-$K$20*$B$12,0) | DG95: =DE95/(DD95-DC95*DG94) | DH95: =(DF95-DC95*DH94)/(DD95-DC95*DG94) | DI95: =DH95-DG95*DI96 | DJ95: =IF(5>$B$6+$B$7,$G$21*$B$11^$H$21,$E$21*$B$9^$F$21) | DK95: =IF(5=1,0,$B$14) | DL95: =-($B$14+(IF(5<=$B$6,$B$13*$B$15+$B$12,IF(5<=$B$6+$B$7,$B$13*$B$15,$B$13)))/DJ95) | DM95: =IF(5=$B$6+$B$7,0,IF(5>$B$6+$B$7,$B$13/DJ96,IF(5>=$B$6,$B$13*$B$15/DJ96,($B$13*$B$15+$B$12)/DJ96))) | DN95: =IF(5=$B$6,-$K$21*$B$12,0) | DO95: =DM95/(DL95-DK95*DO94) | DP95: =(DN95-DK95*DP94)/(DL95-DK95*DO94) | DQ95: =DP95-DO95*DQ96 | DR95: =IF(5>$B$6+$B$7,$G$22*$B$11^$H$22,$E$22*$B$9^$F$22) | DS95: =IF(5=1,0,$B$14) | DT95: =-($B$14+(IF(5<=$B$6,$B$13*$B$15+$B$12,IF(5<=$B$6+$B$7,$B$13*$B$15,$B$13)))/DR95) | DU95: =IF(5=$B$6+$B$7,0,IF(5>$B$6+$B$7,$B$13/DR96,IF(5>=$B$6,$B$13*$B$15/DR96,($B$13*$B$15+$B$12)/DR96))) | DV95: =IF(5=$B$6,-$K$22*$B$12,0) | DW95: =DU95/(DT95-DS95*DW94) | DX95: =(DV95-DS95*DX94)/(DT95-DS95*DW94) | DY95: =DX95-DW95*DY96 | DZ95: =IF(5>$B$6+$B$7,$G$23*$B$11^$H$23,$E$23*$B$9^$F$23) | EA95: =IF(5=1,0,$B$14) | EB95: =-($B$14+(IF(5<=$B$6,$B$13*$B$15+$B$12,IF(5<=$B$6+$B$7,$B$13*$B$15,$B$13)))/DZ95) | EC95: =IF(5=$B$6+$B$7,0,IF(5>$B$6+$B$7,$B$13/DZ96,IF(5>=$B$6,$B$13*$B$15/DZ96,($B$13*$B$15+$B$12)/DZ96))) | ED95: =IF(5=$B$6,-$K$23*$B$12,0) | EE95: =EC95/(EB95-EA95*EE94) | EF95: =(ED95-EA95*EF94)/(EB95-EA95*EE94) | EG95: =EF95-EE95*EG96 | EH95: =IF(5>$B$6+$B$7,$G$24*$B$11^$H$24,$E$24*$B$9^$F$24) | EI95: =IF(5=1,0,$B$14) | EJ95: =-($B$14+(IF(5<=$B$6,$B$13*$B$15+$B$12,IF(5<=$B$6+$B$7,$B$13*$B$15,$B$13)))/EH95) | EK95: =IF(5=$B$6+$B$7,0,IF(5>$B$6+$B$7,$B$13/EH96,IF(5>=$B$6,$B$13*$B$15/EH96,($B$13*$B$15+$B$12)/EH96))) | EL95: =IF(5=$B$6,-$K$24*$B$12,0) | EM95: =EK95/(EJ95-EI95*EM94) | EN95: =(EL95-EI95*EN94)/(EJ95-EI95*EM94) | EO95: =EN95-EM95*EO96 | EP95: =IF(5>$B$6+$B$7,$G$25*$B$11^$H$25,$E$25*$B$9^$F$25) | EQ95: =IF(5=1,0,$B$14) | ER95: =-($B$14+(IF(5<=$B$6,$B$13*$B$15+$B$12,IF(5<=$B$6+$B$7,$B$13*$B$15,$B$13)))/EP95) | ES95: =IF(5=$B$6+$B$7,0,IF(5>$B$6+$B$7,$B$13/EP96,IF(5>=$B$6,$B$13*$B$15/EP96,($B$13*$B$15+$B$12)/EP96))) | ET95: =IF(5=$B$6,-$K$25*$B$12,0) | EU95: =ES95/(ER95-EQ95*EU94) | EV95: =(ET95-EQ95*EV94)/(ER95-EQ95*EU94) | EW95: =EV95-EU95*EW96 | EX95: =IF(5>$B$6+$B$7,$G$26*$B$11^$H$26,$E$26*$B$9^$F$26) | EY95: =IF(5=1,0,$B$14) | EZ95: =-($B$14+(IF(5<=$B$6,$B$13*$B$15+$B$12,IF(5<=$B$6+$B$7,$B$13*$B$15,$B$13)))/EX95) | FA95: =IF(5=$B$6+$B$7,0,IF(5>$B$6+$B$7,$B$13/EX96,IF(5>=$B$6,$B$13*$B$15/EX96,($B$13*$B$15+$B$12)/EX96))) | FB95: =IF(5=$B$6,-$K$26*$B$12,0) | FC95: =FA95/(EZ95-EY95*FC94) | FD95: =(FB95-EY95*FD94)/(EZ95-EY95*FC94) | FE95: =FD95-FC95*FE96 | FF95: =IF(5>$B$6+$B$7,$G$27*$B$11^$H$27,$E$27*$B$9^$F$27) | FG95: =IF(5=1,0,$B$14) | FH95: =-($B$14+(IF(5<=$B$6,$B$13*$B$15+$B$12,IF(5<=$B$6+$B$7,$B$13*$B$15,$B$13)))/FF95) | FI95: =IF(5=$B$6+$B$7,0,IF(5>$B$6+$B$7,$B$13/FF96,IF(5>=$B$6,$B$13*$B$15/FF96,($B$13*$B$15+$B$12)/FF96))) | FJ95: =IF(5=$B$6,-$K$27*$B$12,0) | FK95: =FI95/(FH95-FG95*FK94) | FL95: =(FJ95-FG95*FL94)/(FH95-FG95*FK94) | FM95: =FL95-FK95*FM96 | FN95: =IF(5>$B$6+$B$7,$G$28*$B$11^$H$28,$E$28*$B$9^$F$28) | FO95: =IF(5=1,0,$B$14) | FP95: =-($B$14+(IF(5<=$B$6,$B$13*$B$15+$B$12,IF(5<=$B$6+$B$7,$B$13*$B$15,$B$13)))/FN95) | FQ95: =IF(5=$B$6+$B$7,0,IF(5>$B$6+$B$7,$B$13/FN96,IF(5>=$B$6,$B$13*$B$15/FN96,($B$13*$B$15+$B$12)/FN96))) | FR95: =IF(5=$B$6,-$K$28*$B$12,0) | FS95: =FQ95/(FP95-FO95*FS94) | FT95: =(FR95-FO95*FT94)/(FP95-FO95*FS94) | FU95: =FT95-FS95*FU96 | FV95: =IF(5>$B$6+$B$7,$G$29*$B$11^$H$29,$E$29*$B$9^$F$29) | FW95: =IF(5=1,0,$B$14) | FX95: =-($B$14+(IF(5<=$B$6,$B$13*$B$15+$B$12,IF(5<=$B$6+$B$7,$B$13*$B$15,$B$13)))/FV95) | FY95: =IF(5=$B$6+$B$7,0,IF(5>$B$6+$B$7,$B$13/FV96,IF(5>=$B$6,$B$13*$B$15/FV96,($B$13*$B$15+$B$12)/FV96))) | FZ95: =IF(5=$B$6,-$K$29*$B$12,0) | GA95: =FY95/(FX95-FW95*GA94) | GB95: =(FZ95-FW95*GB94)/(FX95-FW95*GA94) | GC95: =GB95-GA95*GC96 | GD95: =IF(5>$B$6+$B$7,$G$30*$B$11^$H$30,$E$30*$B$9^$F$30) | GE95: =IF(5=1,0,$B$14) | GF95: =-($B$14+(IF(5<=$B$6,$B$13*$B$15+$B$12,IF(5<=$B$6+$B$7,$B$13*$B$15,$B$13)))/GD95) | GG95: =IF(5=$B$6+$B$7,0,IF(5>$B$6+$B$7,$B$13/GD96,IF(5>=$B$6,$B$13*$B$15/GD96,($B$13*$B$15+$B$12)/GD96))) | GH95: =IF(5=$B$6,-$K$30*$B$12,0) | GI95: =GG95/(GF95-GE95*GI94) | GJ95: =(GH95-GE95*GJ94)/(GF95-GE95*GI94) | GK95: =GJ95-GI95*GK96 | GL95: =IF(5>$B$6+$B$7,$G$31*$B$11^$H$31,$E$31*$B$9^$F$31) | GM95: =IF(5=1,0,$B$14) | GN95: =-($B$14+(IF(5<=$B$6,$B$13*$B$15+$B$12,IF(5<=$B$6+$B$7,$B$13*$B$15,$B$13)))/GL95) | GO95: =IF(5=$B$6+$B$7,0,IF(5>$B$6+$B$7,$B$13/GL96,IF(5>=$B$6,$B$13*$B$15/GL96,($B$13*$B$15+$B$12)/GL96))) | GP95: =IF(5=$B$6,-$K$31*$B$12,0) | GQ95: =GO95/(GN95-GM95*GQ94) | GR95: =(GP95-GM95*GR94)/(GN95-GM95*GQ94) | GS95: =GR95-GQ95*GS96 | GT95: =IF(5>$B$6+$B$7,$G$32*$B$11^$H$32,$E$32*$B$9^$F$32) | GU95: =IF(5=1,0,$B$14) | GV95: =-($B$14+(IF(5<=$B$6,$B$13*$B$15+$B$12,IF(5<=$B$6+$B$7,$B$13*$B$15,$B$13)))/GT95) | GW95: =IF(5=$B$6+$B$7,0,IF(5>$B$6+$B$7,$B$13/GT96,IF(5>=$B$6,$B$13*$B$15/GT96,($B$13*$B$15+$B$12)/GT96))) | GX95: =IF(5=$B$6,-$K$32*$B$12,0) | GY95: =GW95/(GV95-GU95*GY94) | GZ95: =(GX95-GU95*GZ94)/(GV95-GU95*GY94) | HA95: =GZ95-GY95*HA96 | HB95: =IFERROR(I95/B95,0) | HC95: =IFERROR(Q95/J95,0) | HD95: =IFERROR(Y95/R95,0) | HE95: =IFERROR(AG95/Z95,0) | HF95: =IFERROR(AO95/AH95,0) | HG95: =IFERROR(AW95/AP95,0) | HH95: =IFERROR(BE95/AX95,0) | HI95: =IFERROR(BM95/BF95,0) | HJ95: =IFERROR(BU95/BN95,0) | HK95: =IFERROR(CC95/BV95,0) | HL95: =IFERROR(CK95/CD95,0) | HM95: =IFERROR(CS95/CL95,0) | HN95: =IFERROR(DA95/CT95,0) | HO95: =IFERROR(DI95/DB95,0) | HP95: =IFERROR(DQ95/DJ95,0) | HQ95: =IFERROR(DY95/DR95,0) | HR95: =IFERROR(EG95/DZ95,0) | HS95: =IFERROR(EO95/EH95,0) | HT95: =IFERROR(EW95/EP95,0) | HU95: =IFERROR(FE95/EX95,0) | HV95: =IFERROR(FM95/FF95,0) | HW95: =IFERROR(FU95/FN95,0) | HX95: =IFERROR(GC95/FV95,0) | HY95: =IFERROR(GK95/GD95,0) | HZ95: =IFERROR(GS95/GL95,0) | IA95: =IFERROR(HA95/GT95,0) | IB95: =I95+Q95+Y95+AG95+AO95+AW95+BE95+BM95+BU95+CC95+CK95+CS95+DA95+DI95+DQ95+DY95+EG95+EO95+EW95+FE95+FM95+FU95+GC95+GK95+GS95+HA95 | IC95: =HB95+HC95+HD95+HE95+HF95+HG95+HH95+HI95+HJ95+HK95+HL95+HM95+HN95+HO95+HP95+HQ95+HR95+HS95+HT95+HU95+HV95+HW95+HX95+HY95+HZ95+IA95
A96: 6 | B96: =IF(6>$B$6+$B$7,$G$7*$B$11^$H$7,$E$7*$B$9^$F$7) | C96: =IF(6=1,0,$B$14) | D96: =-($B$14+(IF(6<=$B$6,$B$13*$B$15+$B$12,IF(6<=$B$6+$B$7,$B$13*$B$15,$B$13)))/B96) | E96: =IF(6=$B$6+$B$7,0,IF(6>$B$6+$B$7,$B$13/B97,IF(6>=$B$6,$B$13*$B$15/B97,($B$13*$B$15+$B$12)/B97))) | F96: =IF(6=$B$6,-$K$7*$B$12,0) | G96: =E96/(D96-C96*G95) | H96: =(F96-C96*H95)/(D96-C96*G95) | I96: =H96-G96*I97 | J96: =IF(6>$B$6+$B$7,$G$8*$B$11^$H$8,$E$8*$B$9^$F$8) | K96: =IF(6=1,0,$B$14) | L96: =-($B$14+(IF(6<=$B$6,$B$13*$B$15+$B$12,IF(6<=$B$6+$B$7,$B$13*$B$15,$B$13)))/J96) | M96: =IF(6=$B$6+$B$7,0,IF(6>$B$6+$B$7,$B$13/J97,IF(6>=$B$6,$B$13*$B$15/J97,($B$13*$B$15+$B$12)/J97))) | N96: =IF(6=$B$6,-$K$8*$B$12,0) | O96: =M96/(L96-K96*O95) | P96: =(N96-K96*P95)/(L96-K96*O95) | Q96: =P96-O96*Q97 | R96: =IF(6>$B$6+$B$7,$G$9*$B$11^$H$9,$E$9*$B$9^$F$9) | S96: =IF(6=1,0,$B$14) | T96: =-($B$14+(IF(6<=$B$6,$B$13*$B$15+$B$12,IF(6<=$B$6+$B$7,$B$13*$B$15,$B$13)))/R96) | U96: =IF(6=$B$6+$B$7,0,IF(6>$B$6+$B$7,$B$13/R97,IF(6>=$B$6,$B$13*$B$15/R97,($B$13*$B$15+$B$12)/R97))) | V96: =IF(6=$B$6,-$K$9*$B$12,0) | W96: =U96/(T96-S96*W95) | X96: =(V96-S96*X95)/(T96-S96*W95) | Y96: =X96-W96*Y97 | Z96: =IF(6>$B$6+$B$7,$G$10*$B$11^$H$10,$E$10*$B$9^$F$10) | AA96: =IF(6=1,0,$B$14) | AB96: =-($B$14+(IF(6<=$B$6,$B$13*$B$15+$B$12,IF(6<=$B$6+$B$7,$B$13*$B$15,$B$13)))/Z96) | AC96: =IF(6=$B$6+$B$7,0,IF(6>$B$6+$B$7,$B$13/Z97,IF(6>=$B$6,$B$13*$B$15/Z97,($B$13*$B$15+$B$12)/Z97))) | AD96: =IF(6=$B$6,-$K$10*$B$12,0) | AE96: =AC96/(AB96-AA96*AE95) | AF96: =(AD96-AA96*AF95)/(AB96-AA96*AE95) | AG96: =AF96-AE96*AG97 | AH96: =IF(6>$B$6+$B$7,$G$11*$B$11^$H$11,$E$11*$B$9^$F$11) | AI96: =IF(6=1,0,$B$14) | AJ96: =-($B$14+(IF(6<=$B$6,$B$13*$B$15+$B$12,IF(6<=$B$6+$B$7,$B$13*$B$15,$B$13)))/AH96) | AK96: =IF(6=$B$6+$B$7,0,IF(6>$B$6+$B$7,$B$13/AH97,IF(6>=$B$6,$B$13*$B$15/AH97,($B$13*$B$15+$B$12)/AH97))) | AL96: =IF(6=$B$6,-$K$11*$B$12,0) | AM96: =AK96/(AJ96-AI96*AM95) | AN96: =(AL96-AI96*AN95)/(AJ96-AI96*AM95) | AO96: =AN96-AM96*AO97 | AP96: =IF(6>$B$6+$B$7,$G$12*$B$11^$H$12,$E$12*$B$9^$F$12) | AQ96: =IF(6=1,0,$B$14) | AR96: =-($B$14+(IF(6<=$B$6,$B$13*$B$15+$B$12,IF(6<=$B$6+$B$7,$B$13*$B$15,$B$13)))/AP96) | AS96: =IF(6=$B$6+$B$7,0,IF(6>$B$6+$B$7,$B$13/AP97,IF(6>=$B$6,$B$13*$B$15/AP97,($B$13*$B$15+$B$12)/AP97))) | AT96: =IF(6=$B$6,-$K$12*$B$12,0) | AU96: =AS96/(AR96-AQ96*AU95) | AV96: =(AT96-AQ96*AV95)/(AR96-AQ96*AU95) | AW96: =AV96-AU96*AW97 | AX96: =IF(6>$B$6+$B$7,$G$13*$B$11^$H$13,$E$13*$B$9^$F$13) | AY96: =IF(6=1,0,$B$14) | AZ96: =-($B$14+(IF(6<=$B$6,$B$13*$B$15+$B$12,IF(6<=$B$6+$B$7,$B$13*$B$15,$B$13)))/AX96) | BA96: =IF(6=$B$6+$B$7,0,IF(6>$B$6+$B$7,$B$13/AX97,IF(6>=$B$6,$B$13*$B$15/AX97,($B$13*$B$15+$B$12)/AX97))) | BB96: =IF(6=$B$6,-$K$13*$B$12,0) | BC96: =BA96/(AZ96-AY96*BC95) | BD96: =(BB96-AY96*BD95)/(AZ96-AY96*BC95) | BE96: =BD96-BC96*BE97 | BF96: =IF(6>$B$6+$B$7,$G$14*$B$11^$H$14,$E$14*$B$9^$F$14) | BG96: =IF(6=1,0,$B$14) | BH96: =-($B$14+(IF(6<=$B$6,$B$13*$B$15+$B$12,IF(6<=$B$6+$B$7,$B$13*$B$15,$B$13)))/BF96) | BI96: =IF(6=$B$6+$B$7,0,IF(6>$B$6+$B$7,$B$13/BF97,IF(6>=$B$6,$B$13*$B$15/BF97,($B$13*$B$15+$B$12)/BF97))) | BJ96: =IF(6=$B$6,-$K$14*$B$12,0) | BK96: =BI96/(BH96-BG96*BK95) | BL96: =(BJ96-BG96*BL95)/(BH96-BG96*BK95) | BM96: =BL96-BK96*BM97 | BN96: =IF(6>$B$6+$B$7,$G$15*$B$11^$H$15,$E$15*$B$9^$F$15) | BO96: =IF(6=1,0,$B$14) | BP96: =-($B$14+(IF(6<=$B$6,$B$13*$B$15+$B$12,IF(6<=$B$6+$B$7,$B$13*$B$15,$B$13)))/BN96) | BQ96: =IF(6=$B$6+$B$7,0,IF(6>$B$6+$B$7,$B$13/BN97,IF(6>=$B$6,$B$13*$B$15/BN97,($B$13*$B$15+$B$12)/BN97))) | BR96: =IF(6=$B$6,-$K$15*$B$12,0) | BS96: =BQ96/(BP96-BO96*BS95) | BT96: =(BR96-BO96*BT95)/(BP96-BO96*BS95) | BU96: =BT96-BS96*BU97 | BV96: =IF(6>$B$6+$B$7,$G$16*$B$11^$H$16,$E$16*$B$9^$F$16) | BW96: =IF(6=1,0,$B$14) | BX96: =-($B$14+(IF(6<=$B$6,$B$13*$B$15+$B$12,IF(6<=$B$6+$B$7,$B$13*$B$15,$B$13)))/BV96) | BY96: =IF(6=$B$6+$B$7,0,IF(6>$B$6+$B$7,$B$13/BV97,IF(6>=$B$6,$B$13*$B$15/BV97,($B$13*$B$15+$B$12)/BV97))) | BZ96: =IF(6=$B$6,-$K$16*$B$12,0) | CA96: =BY96/(BX96-BW96*CA95) | CB96: =(BZ96-BW96*CB95)/(BX96-BW96*CA95) | CC96: =CB96-CA96*CC97 | CD96: =IF(6>$B$6+$B$7,$G$17*$B$11^$H$17,$E$17*$B$9^$F$17) | CE96: =IF(6=1,0,$B$14) | CF96: =-($B$14+(IF(6<=$B$6,$B$13*$B$15+$B$12,IF(6<=$B$6+$B$7,$B$13*$B$15,$B$13)))/CD96) | CG96: =IF(6=$B$6+$B$7,0,IF(6>$B$6+$B$7,$B$13/CD97,IF(6>=$B$6,$B$13*$B$15/CD97,($B$13*$B$15+$B$12)/CD97))) | CH96: =IF(6=$B$6,-$K$17*$B$12,0) | CI96: =CG96/(CF96-CE96*CI95) | CJ96: =(CH96-CE96*CJ95)/(CF96-CE96*CI95) | CK96: =CJ96-CI96*CK97 | CL96: =IF(6>$B$6+$B$7,$G$18*$B$11^$H$18,$E$18*$B$9^$F$18) | CM96: =IF(6=1,0,$B$14) | CN96: =-($B$14+(IF(6<=$B$6,$B$13*$B$15+$B$12,IF(6<=$B$6+$B$7,$B$13*$B$15,$B$13)))/CL96) | CO96: =IF(6=$B$6+$B$7,0,IF(6>$B$6+$B$7,$B$13/CL97,IF(6>=$B$6,$B$13*$B$15/CL97,($B$13*$B$15+$B$12)/CL97))) | CP96: =IF(6=$B$6,-$K$18*$B$12,0) | CQ96: =CO96/(CN96-CM96*CQ95) | CR96: =(CP96-CM96*CR95)/(CN96-CM96*CQ95) | CS96: =CR96-CQ96*CS97 | CT96: =IF(6>$B$6+$B$7,$G$19*$B$11^$H$19,$E$19*$B$9^$F$19) | CU96: =IF(6=1,0,$B$14) | CV96: =-($B$14+(IF(6<=$B$6,$B$13*$B$15+$B$12,IF(6<=$B$6+$B$7,$B$13*$B$15,$B$13)))/CT96) | CW96: =IF(6=$B$6+$B$7,0,IF(6>$B$6+$B$7,$B$13/CT97,IF(6>=$B$6,$B$13*$B$15/CT97,($B$13*$B$15+$B$12)/CT97))) | CX96: =IF(6=$B$6,-$K$19*$B$12,0) | CY96: =CW96/(CV96-CU96*CY95) | CZ96: =(CX96-CU96*CZ95)/(CV96-CU96*CY95) | DA96: =CZ96-CY96*DA97 | DB96: =IF(6>$B$6+$B$7,$G$20*$B$11^$H$20,$E$20*$B$9^$F$20) | DC96: =IF(6=1,0,$B$14) | DD96: =-($B$14+(IF(6<=$B$6,$B$13*$B$15+$B$12,IF(6<=$B$6+$B$7,$B$13*$B$15,$B$13)))/DB96) | DE96: =IF(6=$B$6+$B$7,0,IF(6>$B$6+$B$7,$B$13/DB97,IF(6>=$B$6,$B$13*$B$15/DB97,($B$13*$B$15+$B$12)/DB97))) | DF96: =IF(6=$B$6,-$K$20*$B$12,0) | DG96: =DE96/(DD96-DC96*DG95) | DH96: =(DF96-DC96*DH95)/(DD96-DC96*DG95) | DI96: =DH96-DG96*DI97 | DJ96: =IF(6>$B$6+$B$7,$G$21*$B$11^$H$21,$E$21*$B$9^$F$21) | DK96: =IF(6=1,0,$B$14) | DL96: =-($B$14+(IF(6<=$B$6,$B$13*$B$15+$B$12,IF(6<=$B$6+$B$7,$B$13*$B$15,$B$13)))/DJ96) | DM96: =IF(6=$B$6+$B$7,0,IF(6>$B$6+$B$7,$B$13/DJ97,IF(6>=$B$6,$B$13*$B$15/DJ97,($B$13*$B$15+$B$12)/DJ97))) | DN96: =IF(6=$B$6,-$K$21*$B$12,0) | DO96: =DM96/(DL96-DK96*DO95) | DP96: =(DN96-DK96*DP95)/(DL96-DK96*DO95) | DQ96: =DP96-DO96*DQ97 | DR96: =IF(6>$B$6+$B$7,$G$22*$B$11^$H$22,$E$22*$B$9^$F$22) | DS96: =IF(6=1,0,$B$14) | DT96: =-($B$14+(IF(6<=$B$6,$B$13*$B$15+$B$12,IF(6<=$B$6+$B$7,$B$13*$B$15,$B$13)))/DR96) | DU96: =IF(6=$B$6+$B$7,0,IF(6>$B$6+$B$7,$B$13/DR97,IF(6>=$B$6,$B$13*$B$15/DR97,($B$13*$B$15+$B$12)/DR97))) | DV96: =IF(6=$B$6,-$K$22*$B$12,0) | DW96: =DU96/(DT96-DS96*DW95) | DX96: =(DV96-DS96*DX95)/(DT96-DS96*DW95) | DY96: =DX96-DW96*DY97 | DZ96: =IF(6>$B$6+$B$7,$G$23*$B$11^$H$23,$E$23*$B$9^$F$23) | EA96: =IF(6=1,0,$B$14) | EB96: =-($B$14+(IF(6<=$B$6,$B$13*$B$15+$B$12,IF(6<=$B$6+$B$7,$B$13*$B$15,$B$13)))/DZ96) | EC96: =IF(6=$B$6+$B$7,0,IF(6>$B$6+$B$7,$B$13/DZ97,IF(6>=$B$6,$B$13*$B$15/DZ97,($B$13*$B$15+$B$12)/DZ97))) | ED96: =IF(6=$B$6,-$K$23*$B$12,0) | EE96: =EC96/(EB96-EA96*EE95) | EF96: =(ED96-EA96*EF95)/(EB96-EA96*EE95) | EG96: =EF96-EE96*EG97 | EH96: =IF(6>$B$6+$B$7,$G$24*$B$11^$H$24,$E$24*$B$9^$F$24) | EI96: =IF(6=1,0,$B$14) | EJ96: =-($B$14+(IF(6<=$B$6,$B$13*$B$15+$B$12,IF(6<=$B$6+$B$7,$B$13*$B$15,$B$13)))/EH96) | EK96: =IF(6=$B$6+$B$7,0,IF(6>$B$6+$B$7,$B$13/EH97,IF(6>=$B$6,$B$13*$B$15/EH97,($B$13*$B$15+$B$12)/EH97))) | EL96: =IF(6=$B$6,-$K$24*$B$12,0) | EM96: =EK96/(EJ96-EI96*EM95) | EN96: =(EL96-EI96*EN95)/(EJ96-EI96*EM95) | EO96: =EN96-EM96*EO97 | EP96: =IF(6>$B$6+$B$7,$G$25*$B$11^$H$25,$E$25*$B$9^$F$25) | EQ96: =IF(6=1,0,$B$14) | ER96: =-($B$14+(IF(6<=$B$6,$B$13*$B$15+$B$12,IF(6<=$B$6+$B$7,$B$13*$B$15,$B$13)))/EP96) | ES96: =IF(6=$B$6+$B$7,0,IF(6>$B$6+$B$7,$B$13/EP97,IF(6>=$B$6,$B$13*$B$15/EP97,($B$13*$B$15+$B$12)/EP97))) | ET96: =IF(6=$B$6,-$K$25*$B$12,0) | EU96: =ES96/(ER96-EQ96*EU95) | EV96: =(ET96-EQ96*EV95)/(ER96-EQ96*EU95) | EW96: =EV96-EU96*EW97 | EX96: =IF(6>$B$6+$B$7,$G$26*$B$11^$H$26,$E$26*$B$9^$F$26) | EY96: =IF(6=1,0,$B$14) | EZ96: =-($B$14+(IF(6<=$B$6,$B$13*$B$15+$B$12,IF(6<=$B$6+$B$7,$B$13*$B$15,$B$13)))/EX96) | FA96: =IF(6=$B$6+$B$7,0,IF(6>$B$6+$B$7,$B$13/EX97,IF(6>=$B$6,$B$13*$B$15/EX97,($B$13*$B$15+$B$12)/EX97))) | FB96: =IF(6=$B$6,-$K$26*$B$12,0) | FC96: =FA96/(EZ96-EY96*FC95) | FD96: =(FB96-EY96*FD95)/(EZ96-EY96*FC95) | FE96: =FD96-FC96*FE97 | FF96: =IF(6>$B$6+$B$7,$G$27*$B$11^$H$27,$E$27*$B$9^$F$27) | FG96: =IF(6=1,0,$B$14) | FH96: =-($B$14+(IF(6<=$B$6,$B$13*$B$15+$B$12,IF(6<=$B$6+$B$7,$B$13*$B$15,$B$13)))/FF96) | FI96: =IF(6=$B$6+$B$7,0,IF(6>$B$6+$B$7,$B$13/FF97,IF(6>=$B$6,$B$13*$B$15/FF97,($B$13*$B$15+$B$12)/FF97))) | FJ96: =IF(6=$B$6,-$K$27*$B$12,0) | FK96: =FI96/(FH96-FG96*FK95) | FL96: =(FJ96-FG96*FL95)/(FH96-FG96*FK95) | FM96: =FL96-FK96*FM97 | FN96: =IF(6>$B$6+$B$7,$G$28*$B$11^$H$28,$E$28*$B$9^$F$28) | FO96: =IF(6=1,0,$B$14) | FP96: =-($B$14+(IF(6<=$B$6,$B$13*$B$15+$B$12,IF(6<=$B$6+$B$7,$B$13*$B$15,$B$13)))/FN96) | FQ96: =IF(6=$B$6+$B$7,0,IF(6>$B$6+$B$7,$B$13/FN97,IF(6>=$B$6,$B$13*$B$15/FN97,($B$13*$B$15+$B$12)/FN97))) | FR96: =IF(6=$B$6,-$K$28*$B$12,0) | FS96: =FQ96/(FP96-FO96*FS95) | FT96: =(FR96-FO96*FT95)/(FP96-FO96*FS95) | FU96: =FT96-FS96*FU97 | FV96: =IF(6>$B$6+$B$7,$G$29*$B$11^$H$29,$E$29*$B$9^$F$29) | FW96: =IF(6=1,0,$B$14) | FX96: =-($B$14+(IF(6<=$B$6,$B$13*$B$15+$B$12,IF(6<=$B$6+$B$7,$B$13*$B$15,$B$13)))/FV96) | FY96: =IF(6=$B$6+$B$7,0,IF(6>$B$6+$B$7,$B$13/FV97,IF(6>=$B$6,$B$13*$B$15/FV97,($B$13*$B$15+$B$12)/FV97))) | FZ96: =IF(6=$B$6,-$K$29*$B$12,0) | GA96: =FY96/(FX96-FW96*GA95) | GB96: =(FZ96-FW96*GB95)/(FX96-FW96*GA95) | GC96: =GB96-GA96*GC97 | GD96: =IF(6>$B$6+$B$7,$G$30*$B$11^$H$30,$E$30*$B$9^$F$30) | GE96: =IF(6=1,0,$B$14) | GF96: =-($B$14+(IF(6<=$B$6,$B$13*$B$15+$B$12,IF(6<=$B$6+$B$7,$B$13*$B$15,$B$13)))/GD96) | GG96: =IF(6=$B$6+$B$7,0,IF(6>$B$6+$B$7,$B$13/GD97,IF(6>=$B$6,$B$13*$B$15/GD97,($B$13*$B$15+$B$12)/GD97))) | GH96: =IF(6=$B$6,-$K$30*$B$12,0) | GI96: =GG96/(GF96-GE96*GI95) | GJ96: =(GH96-GE96*GJ95)/(GF96-GE96*GI95) | GK96: =GJ96-GI96*GK97 | GL96: =IF(6>$B$6+$B$7,$G$31*$B$11^$H$31,$E$31*$B$9^$F$31) | GM96: =IF(6=1,0,$B$14) | GN96: =-($B$14+(IF(6<=$B$6,$B$13*$B$15+$B$12,IF(6<=$B$6+$B$7,$B$13*$B$15,$B$13)))/GL96) | GO96: =IF(6=$B$6+$B$7,0,IF(6>$B$6+$B$7,$B$13/GL97,IF(6>=$B$6,$B$13*$B$15/GL97,($B$13*$B$15+$B$12)/GL97))) | GP96: =IF(6=$B$6,-$K$31*$B$12,0) | GQ96: =GO96/(GN96-GM96*GQ95) | GR96: =(GP96-GM96*GR95)/(GN96-GM96*GQ95) | GS96: =GR96-GQ96*GS97 | GT96: =IF(6>$B$6+$B$7,$G$32*$B$11^$H$32,$E$32*$B$9^$F$32) | GU96: =IF(6=1,0,$B$14) | GV96: =-($B$14+(IF(6<=$B$6,$B$13*$B$15+$B$12,IF(6<=$B$6+$B$7,$B$13*$B$15,$B$13)))/GT96) | GW96: =IF(6=$B$6+$B$7,0,IF(6>$B$6+$B$7,$B$13/GT97,IF(6>=$B$6,$B$13*$B$15/GT97,($B$13*$B$15+$B$12)/GT97))) | GX96: =IF(6=$B$6,-$K$32*$B$12,0) | GY96: =GW96/(GV96-GU96*GY95) | GZ96: =(GX96-GU96*GZ95)/(GV96-GU96*GY95) | HA96: =GZ96-GY96*HA97 | HB96: =IFERROR(I96/B96,0) | HC96: =IFERROR(Q96/J96,0) | HD96: =IFERROR(Y96/R96,0) | HE96: =IFERROR(AG96/Z96,0) | HF96: =IFERROR(AO96/AH96,0) | HG96: =IFERROR(AW96/AP96,0) | HH96: =IFERROR(BE96/AX96,0) | HI96: =IFERROR(BM96/BF96,0) | HJ96: =IFERROR(BU96/BN96,0) | HK96: =IFERROR(CC96/BV96,0) | HL96: =IFERROR(CK96/CD96,0) | HM96: =IFERROR(CS96/CL96,0) | HN96: =IFERROR(DA96/CT96,0) | HO96: =IFERROR(DI96/DB96,0) | HP96: =IFERROR(DQ96/DJ96,0) | HQ96: =IFERROR(DY96/DR96,0) | HR96: =IFERROR(EG96/DZ96,0) | HS96: =IFERROR(EO96/EH96,0) | HT96: =IFERROR(EW96/EP96,0) | HU96: =IFERROR(FE96/EX96,0) | HV96: =IFERROR(FM96/FF96,0) | HW96: =IFERROR(FU96/FN96,0) | HX96: =IFERROR(GC96/FV96,0) | HY96: =IFERROR(GK96/GD96,0) | HZ96: =IFERROR(GS96/GL96,0) | IA96: =IFERROR(HA96/GT96,0) | IB96: =I96+Q96+Y96+AG96+AO96+AW96+BE96+BM96+BU96+CC96+CK96+CS96+DA96+DI96+DQ96+DY96+EG96+EO96+EW96+FE96+FM96+FU96+GC96+GK96+GS96+HA96 | IC96: =HB96+HC96+HD96+HE96+HF96+HG96+HH96+HI96+HJ96+HK96+HL96+HM96+HN96+HO96+HP96+HQ96+HR96+HS96+HT96+HU96+HV96+HW96+HX96+HY96+HZ96+IA96
A97: 7 | B97: =IF(7>$B$6+$B$7,$G$7*$B$11^$H$7,$E$7*$B$9^$F$7) | C97: =IF(7=1,0,$B$14) | D97: =-($B$14+(IF(7<=$B$6,$B$13*$B$15+$B$12,IF(7<=$B$6+$B$7,$B$13*$B$15,$B$13)))/B97) | E97: =IF(7=$B$6+$B$7,0,IF(7>$B$6+$B$7,$B$13/B98,IF(7>=$B$6,$B$13*$B$15/B98,($B$13*$B$15+$B$12)/B98))) | F97: =IF(7=$B$6,-$K$7*$B$12,0) | G97: =E97/(D97-C97*G96) | H97: =(F97-C97*H96)/(D97-C97*G96) | I97: =H97-G97*I98 | J97: =IF(7>$B$6+$B$7,$G$8*$B$11^$H$8,$E$8*$B$9^$F$8) | K97: =IF(7=1,0,$B$14) | L97: =-($B$14+(IF(7<=$B$6,$B$13*$B$15+$B$12,IF(7<=$B$6+$B$7,$B$13*$B$15,$B$13)))/J97) | M97: =IF(7=$B$6+$B$7,0,IF(7>$B$6+$B$7,$B$13/J98,IF(7>=$B$6,$B$13*$B$15/J98,($B$13*$B$15+$B$12)/J98))) | N97: =IF(7=$B$6,-$K$8*$B$12,0) | O97: =M97/(L97-K97*O96) | P97: =(N97-K97*P96)/(L97-K97*O96) | Q97: =P97-O97*Q98 | R97: =IF(7>$B$6+$B$7,$G$9*$B$11^$H$9,$E$9*$B$9^$F$9) | S97: =IF(7=1,0,$B$14) | T97: =-($B$14+(IF(7<=$B$6,$B$13*$B$15+$B$12,IF(7<=$B$6+$B$7,$B$13*$B$15,$B$13)))/R97) | U97: =IF(7=$B$6+$B$7,0,IF(7>$B$6+$B$7,$B$13/R98,IF(7>=$B$6,$B$13*$B$15/R98,($B$13*$B$15+$B$12)/R98))) | V97: =IF(7=$B$6,-$K$9*$B$12,0) | W97: =U97/(T97-S97*W96) | X97: =(V97-S97*X96)/(T97-S97*W96) | Y97: =X97-W97*Y98 | Z97: =IF(7>$B$6+$B$7,$G$10*$B$11^$H$10,$E$10*$B$9^$F$10) | AA97: =IF(7=1,0,$B$14) | AB97: =-($B$14+(IF(7<=$B$6,$B$13*$B$15+$B$12,IF(7<=$B$6+$B$7,$B$13*$B$15,$B$13)))/Z97) | AC97: =IF(7=$B$6+$B$7,0,IF(7>$B$6+$B$7,$B$13/Z98,IF(7>=$B$6,$B$13*$B$15/Z98,($B$13*$B$15+$B$12)/Z98))) | AD97: =IF(7=$B$6,-$K$10*$B$12,0) | AE97: =AC97/(AB97-AA97*AE96) | AF97: =(AD97-AA97*AF96)/(AB97-AA97*AE96) | AG97: =AF97-AE97*AG98 | AH97: =IF(7>$B$6+$B$7,$G$11*$B$11^$H$11,$E$11*$B$9^$F$11) | AI97: =IF(7=1,0,$B$14) | AJ97: =-($B$14+(IF(7<=$B$6,$B$13*$B$15+$B$12,IF(7<=$B$6+$B$7,$B$13*$B$15,$B$13)))/AH97) | AK97: =IF(7=$B$6+$B$7,0,IF(7>$B$6+$B$7,$B$13/AH98,IF(7>=$B$6,$B$13*$B$15/AH98,($B$13*$B$15+$B$12)/AH98))) | AL97: =IF(7=$B$6,-$K$11*$B$12,0) | AM97: =AK97/(AJ97-AI97*AM96) | AN97: =(AL97-AI97*AN96)/(AJ97-AI97*AM96) | AO97: =AN97-AM97*AO98 | AP97: =IF(7>$B$6+$B$7,$G$12*$B$11^$H$12,$E$12*$B$9^$F$12) | AQ97: =IF(7=1,0,$B$14) | AR97: =-($B$14+(IF(7<=$B$6,$B$13*$B$15+$B$12,IF(7<=$B$6+$B$7,$B$13*$B$15,$B$13)))/AP97) | AS97: =IF(7=$B$6+$B$7,0,IF(7>$B$6+$B$7,$B$13/AP98,IF(7>=$B$6,$B$13*$B$15/AP98,($B$13*$B$15+$B$12)/AP98))) | AT97: =IF(7=$B$6,-$K$12*$B$12,0) | AU97: =AS97/(AR97-AQ97*AU96) | AV97: =(AT97-AQ97*AV96)/(AR97-AQ97*AU96) | AW97: =AV97-AU97*AW98 | AX97: =IF(7>$B$6+$B$7,$G$13*$B$11^$H$13,$E$13*$B$9^$F$13) | AY97: =IF(7=1,0,$B$14) | AZ97: =-($B$14+(IF(7<=$B$6,$B$13*$B$15+$B$12,IF(7<=$B$6+$B$7,$B$13*$B$15,$B$13)))/AX97) | BA97: =IF(7=$B$6+$B$7,0,IF(7>$B$6+$B$7,$B$13/AX98,IF(7>=$B$6,$B$13*$B$15/AX98,($B$13*$B$15+$B$12)/AX98))) | BB97: =IF(7=$B$6,-$K$13*$B$12,0) | BC97: =BA97/(AZ97-AY97*BC96) | BD97: =(BB97-AY97*BD96)/(AZ97-AY97*BC96) | BE97: =BD97-BC97*BE98 | BF97: =IF(7>$B$6+$B$7,$G$14*$B$11^$H$14,$E$14*$B$9^$F$14) | BG97: =IF(7=1,0,$B$14) | BH97: =-($B$14+(IF(7<=$B$6,$B$13*$B$15+$B$12,IF(7<=$B$6+$B$7,$B$13*$B$15,$B$13)))/BF97) | BI97: =IF(7=$B$6+$B$7,0,IF(7>$B$6+$B$7,$B$13/BF98,IF(7>=$B$6,$B$13*$B$15/BF98,($B$13*$B$15+$B$12)/BF98))) | BJ97: =IF(7=$B$6,-$K$14*$B$12,0) | BK97: =BI97/(BH97-BG97*BK96) | BL97: =(BJ97-BG97*BL96)/(BH97-BG97*BK96) | BM97: =BL97-BK97*BM98 | BN97: =IF(7>$B$6+$B$7,$G$15*$B$11^$H$15,$E$15*$B$9^$F$15) | BO97: =IF(7=1,0,$B$14) | BP97: =-($B$14+(IF(7<=$B$6,$B$13*$B$15+$B$12,IF(7<=$B$6+$B$7,$B$13*$B$15,$B$13)))/BN97) | BQ97: =IF(7=$B$6+$B$7,0,IF(7>$B$6+$B$7,$B$13/BN98,IF(7>=$B$6,$B$13*$B$15/BN98,($B$13*$B$15+$B$12)/BN98))) | BR97: =IF(7=$B$6,-$K$15*$B$12,0) | BS97: =BQ97/(BP97-BO97*BS96) | BT97: =(BR97-BO97*BT96)/(BP97-BO97*BS96) | BU97: =BT97-BS97*BU98 | BV97: =IF(7>$B$6+$B$7,$G$16*$B$11^$H$16,$E$16*$B$9^$F$16) | BW97: =IF(7=1,0,$B$14) | BX97: =-($B$14+(IF(7<=$B$6,$B$13*$B$15+$B$12,IF(7<=$B$6+$B$7,$B$13*$B$15,$B$13)))/BV97) | BY97: =IF(7=$B$6+$B$7,0,IF(7>$B$6+$B$7,$B$13/BV98,IF(7>=$B$6,$B$13*$B$15/BV98,($B$13*$B$15+$B$12)/BV98))) | BZ97: =IF(7=$B$6,-$K$16*$B$12,0) | CA97: =BY97/(BX97-BW97*CA96) | CB97: =(BZ97-BW97*CB96)/(BX97-BW97*CA96) | CC97: =CB97-CA97*CC98 | CD97: =IF(7>$B$6+$B$7,$G$17*$B$11^$H$17,$E$17*$B$9^$F$17) | CE97: =IF(7=1,0,$B$14) | CF97: =-($B$14+(IF(7<=$B$6,$B$13*$B$15+$B$12,IF(7<=$B$6+$B$7,$B$13*$B$15,$B$13)))/CD97) | CG97: =IF(7=$B$6+$B$7,0,IF(7>$B$6+$B$7,$B$13/CD98,IF(7>=$B$6,$B$13*$B$15/CD98,($B$13*$B$15+$B$12)/CD98))) | CH97: =IF(7=$B$6,-$K$17*$B$12,0) | CI97: =CG97/(CF97-CE97*CI96) | CJ97: =(CH97-CE97*CJ96)/(CF97-CE97*CI96) | CK97: =CJ97-CI97*CK98 | CL97: =IF(7>$B$6+$B$7,$G$18*$B$11^$H$18,$E$18*$B$9^$F$18) | CM97: =IF(7=1,0,$B$14) | CN97: =-($B$14+(IF(7<=$B$6,$B$13*$B$15+$B$12,IF(7<=$B$6+$B$7,$B$13*$B$15,$B$13)))/CL97) | CO97: =IF(7=$B$6+$B$7,0,IF(7>$B$6+$B$7,$B$13/CL98,IF(7>=$B$6,$B$13*$B$15/CL98,($B$13*$B$15+$B$12)/CL98))) | CP97: =IF(7=$B$6,-$K$18*$B$12,0) | CQ97: =CO97/(CN97-CM97*CQ96) | CR97: =(CP97-CM97*CR96)/(CN97-CM97*CQ96) | CS97: =CR97-CQ97*CS98 | CT97: =IF(7>$B$6+$B$7,$G$19*$B$11^$H$19,$E$19*$B$9^$F$19) | CU97: =IF(7=1,0,$B$14) | CV97: =-($B$14+(IF(7<=$B$6,$B$13*$B$15+$B$12,IF(7<=$B$6+$B$7,$B$13*$B$15,$B$13)))/CT97) | CW97: =IF(7=$B$6+$B$7,0,IF(7>$B$6+$B$7,$B$13/CT98,IF(7>=$B$6,$B$13*$B$15/CT98,($B$13*$B$15+$B$12)/CT98))) | CX97: =IF(7=$B$6,-$K$19*$B$12,0) | CY97: =CW97/(CV97-CU97*CY96) | CZ97: =(CX97-CU97*CZ96)/(CV97-CU97*CY96) | DA97: =CZ97-CY97*DA98 | DB97: =IF(7>$B$6+$B$7,$G$20*$B$11^$H$20,$E$20*$B$9^$F$20) | DC97: =IF(7=1,0,$B$14) | DD97: =-($B$14+(IF(7<=$B$6,$B$13*$B$15+$B$12,IF(7<=$B$6+$B$7,$B$13*$B$15,$B$13)))/DB97) | DE97: =IF(7=$B$6+$B$7,0,IF(7>$B$6+$B$7,$B$13/DB98,IF(7>=$B$6,$B$13*$B$15/DB98,($B$13*$B$15+$B$12)/DB98))) | DF97: =IF(7=$B$6,-$K$20*$B$12,0) | DG97: =DE97/(DD97-DC97*DG96) | DH97: =(DF97-DC97*DH96)/(DD97-DC97*DG96) | DI97: =DH97-DG97*DI98 | DJ97: =IF(7>$B$6+$B$7,$G$21*$B$11^$H$21,$E$21*$B$9^$F$21) | DK97: =IF(7=1,0,$B$14) | DL97: =-($B$14+(IF(7<=$B$6,$B$13*$B$15+$B$12,IF(7<=$B$6+$B$7,$B$13*$B$15,$B$13)))/DJ97) | DM97: =IF(7=$B$6+$B$7,0,IF(7>$B$6+$B$7,$B$13/DJ98,IF(7>=$B$6,$B$13*$B$15/DJ98,($B$13*$B$15+$B$12)/DJ98))) | DN97: =IF(7=$B$6,-$K$21*$B$12,0) | DO97: =DM97/(DL97-DK97*DO96) | DP97: =(DN97-DK97*DP96)/(DL97-DK97*DO96) | DQ97: =DP97-DO97*DQ98 | DR97: =IF(7>$B$6+$B$7,$G$22*$B$11^$H$22,$E$22*$B$9^$F$22) | DS97: =IF(7=1,0,$B$14) | DT97: =-($B$14+(IF(7<=$B$6,$B$13*$B$15+$B$12,IF(7<=$B$6+$B$7,$B$13*$B$15,$B$13)))/DR97) | DU97: =IF(7=$B$6+$B$7,0,IF(7>$B$6+$B$7,$B$13/DR98,IF(7>=$B$6,$B$13*$B$15/DR98,($B$13*$B$15+$B$12)/DR98))) | DV97: =IF(7=$B$6,-$K$22*$B$12,0) | DW97: =DU97/(DT97-DS97*DW96) | DX97: =(DV97-DS97*DX96)/(DT97-DS97*DW96) | DY97: =DX97-DW97*DY98 | DZ97: =IF(7>$B$6+$B$7,$G$23*$B$11^$H$23,$E$23*$B$9^$F$23) | EA97: =IF(7=1,0,$B$14) | EB97: =-($B$14+(IF(7<=$B$6,$B$13*$B$15+$B$12,IF(7<=$B$6+$B$7,$B$13*$B$15,$B$13)))/DZ97) | EC97: =IF(7=$B$6+$B$7,0,IF(7>$B$6+$B$7,$B$13/DZ98,IF(7>=$B$6,$B$13*$B$15/DZ98,($B$13*$B$15+$B$12)/DZ98))) | ED97: =IF(7=$B$6,-$K$23*$B$12,0) | EE97: =EC97/(EB97-EA97*EE96) | EF97: =(ED97-EA97*EF96)/(EB97-EA97*EE96) | EG97: =EF97-EE97*EG98 | EH97: =IF(7>$B$6+$B$7,$G$24*$B$11^$H$24,$E$24*$B$9^$F$24) | EI97: =IF(7=1,0,$B$14) | EJ97: =-($B$14+(IF(7<=$B$6,$B$13*$B$15+$B$12,IF(7<=$B$6+$B$7,$B$13*$B$15,$B$13)))/EH97) | EK97: =IF(7=$B$6+$B$7,0,IF(7>$B$6+$B$7,$B$13/EH98,IF(7>=$B$6,$B$13*$B$15/EH98,($B$13*$B$15+$B$12)/EH98))) | EL97: =IF(7=$B$6,-$K$24*$B$12,0) | EM97: =EK97/(EJ97-EI97*EM96) | EN97: =(EL97-EI97*EN96)/(EJ97-EI97*EM96) | EO97: =EN97-EM97*EO98 | EP97: =IF(7>$B$6+$B$7,$G$25*$B$11^$H$25,$E$25*$B$9^$F$25) | EQ97: =IF(7=1,0,$B$14) | ER97: =-($B$14+(IF(7<=$B$6,$B$13*$B$15+$B$12,IF(7<=$B$6+$B$7,$B$13*$B$15,$B$13)))/EP97) | ES97: =IF(7=$B$6+$B$7,0,IF(7>$B$6+$B$7,$B$13/EP98,IF(7>=$B$6,$B$13*$B$15/EP98,($B$13*$B$15+$B$12)/EP98))) | ET97: =IF(7=$B$6,-$K$25*$B$12,0) | EU97: =ES97/(ER97-EQ97*EU96) | EV97: =(ET97-EQ97*EV96)/(ER97-EQ97*EU96) | EW97: =EV97-EU97*EW98 | EX97: =IF(7>$B$6+$B$7,$G$26*$B$11^$H$26,$E$26*$B$9^$F$26) | EY97: =IF(7=1,0,$B$14) | EZ97: =-($B$14+(IF(7<=$B$6,$B$13*$B$15+$B$12,IF(7<=$B$6+$B$7,$B$13*$B$15,$B$13)))/EX97) | FA97: =IF(7=$B$6+$B$7,0,IF(7>$B$6+$B$7,$B$13/EX98,IF(7>=$B$6,$B$13*$B$15/EX98,($B$13*$B$15+$B$12)/EX98))) | FB97: =IF(7=$B$6,-$K$26*$B$12,0) | FC97: =FA97/(EZ97-EY97*FC96) | FD97: =(FB97-EY97*FD96)/(EZ97-EY97*FC96) | FE97: =FD97-FC97*FE98 | FF97: =IF(7>$B$6+$B$7,$G$27*$B$11^$H$27,$E$27*$B$9^$F$27) | FG97: =IF(7=1,0,$B$14) | FH97: =-($B$14+(IF(7<=$B$6,$B$13*$B$15+$B$12,IF(7<=$B$6+$B$7,$B$13*$B$15,$B$13)))/FF97) | FI97: =IF(7=$B$6+$B$7,0,IF(7>$B$6+$B$7,$B$13/FF98,IF(7>=$B$6,$B$13*$B$15/FF98,($B$13*$B$15+$B$12)/FF98))) | FJ97: =IF(7=$B$6,-$K$27*$B$12,0) | FK97: =FI97/(FH97-FG97*FK96) | FL97: =(FJ97-FG97*FL96)/(FH97-FG97*FK96) | FM97: =FL97-FK97*FM98 | FN97: =IF(7>$B$6+$B$7,$G$28*$B$11^$H$28,$E$28*$B$9^$F$28) | FO97: =IF(7=1,0,$B$14) | FP97: =-($B$14+(IF(7<=$B$6,$B$13*$B$15+$B$12,IF(7<=$B$6+$B$7,$B$13*$B$15,$B$13)))/FN97) | FQ97: =IF(7=$B$6+$B$7,0,IF(7>$B$6+$B$7,$B$13/FN98,IF(7>=$B$6,$B$13*$B$15/FN98,($B$13*$B$15+$B$12)/FN98))) | FR97: =IF(7=$B$6,-$K$28*$B$12,0) | FS97: =FQ97/(FP97-FO97*FS96) | FT97: =(FR97-FO97*FT96)/(FP97-FO97*FS96) | FU97: =FT97-FS97*FU98 | FV97: =IF(7>$B$6+$B$7,$G$29*$B$11^$H$29,$E$29*$B$9^$F$29) | FW97: =IF(7=1,0,$B$14) | FX97: =-($B$14+(IF(7<=$B$6,$B$13*$B$15+$B$12,IF(7<=$B$6+$B$7,$B$13*$B$15,$B$13)))/FV97) | FY97: =IF(7=$B$6+$B$7,0,IF(7>$B$6+$B$7,$B$13/FV98,IF(7>=$B$6,$B$13*$B$15/FV98,($B$13*$B$15+$B$12)/FV98))) | FZ97: =IF(7=$B$6,-$K$29*$B$12,0) | GA97: =FY97/(FX97-FW97*GA96) | GB97: =(FZ97-FW97*GB96)/(FX97-FW97*GA96) | GC97: =GB97-GA97*GC98 | GD97: =IF(7>$B$6+$B$7,$G$30*$B$11^$H$30,$E$30*$B$9^$F$30) | GE97: =IF(7=1,0,$B$14) | GF97: =-($B$14+(IF(7<=$B$6,$B$13*$B$15+$B$12,IF(7<=$B$6+$B$7,$B$13*$B$15,$B$13)))/GD97) | GG97: =IF(7=$B$6+$B$7,0,IF(7>$B$6+$B$7,$B$13/GD98,IF(7>=$B$6,$B$13*$B$15/GD98,($B$13*$B$15+$B$12)/GD98))) | GH97: =IF(7=$B$6,-$K$30*$B$12,0) | GI97: =GG97/(GF97-GE97*GI96) | GJ97: =(GH97-GE97*GJ96)/(GF97-GE97*GI96) | GK97: =GJ97-GI97*GK98 | GL97: =IF(7>$B$6+$B$7,$G$31*$B$11^$H$31,$E$31*$B$9^$F$31) | GM97: =IF(7=1,0,$B$14) | GN97: =-($B$14+(IF(7<=$B$6,$B$13*$B$15+$B$12,IF(7<=$B$6+$B$7,$B$13*$B$15,$B$13)))/GL97) | GO97: =IF(7=$B$6+$B$7,0,IF(7>$B$6+$B$7,$B$13/GL98,IF(7>=$B$6,$B$13*$B$15/GL98,($B$13*$B$15+$B$12)/GL98))) | GP97: =IF(7=$B$6,-$K$31*$B$12,0) | GQ97: =GO97/(GN97-GM97*GQ96) | GR97: =(GP97-GM97*GR96)/(GN97-GM97*GQ96) | GS97: =GR97-GQ97*GS98 | GT97: =IF(7>$B$6+$B$7,$G$32*$B$11^$H$32,$E$32*$B$9^$F$32) | GU97: =IF(7=1,0,$B$14) | GV97: =-($B$14+(IF(7<=$B$6,$B$13*$B$15+$B$12,IF(7<=$B$6+$B$7,$B$13*$B$15,$B$13)))/GT97) | GW97: =IF(7=$B$6+$B$7,0,IF(7>$B$6+$B$7,$B$13/GT98,IF(7>=$B$6,$B$13*$B$15/GT98,($B$13*$B$15+$B$12)/GT98))) | GX97: =IF(7=$B$6,-$K$32*$B$12,0) | GY97: =GW97/(GV97-GU97*GY96) | GZ97: =(GX97-GU97*GZ96)/(GV97-GU97*GY96) | HA97: =GZ97-GY97*HA98 | HB97: =IFERROR(I97/B97,0) | HC97: =IFERROR(Q97/J97,0) | HD97: =IFERROR(Y97/R97,0) | HE97: =IFERROR(AG97/Z97,0) | HF97: =IFERROR(AO97/AH97,0) | HG97: =IFERROR(AW97/AP97,0) | HH97: =IFERROR(BE97/AX97,0) | HI97: =IFERROR(BM97/BF97,0) | HJ97: =IFERROR(BU97/BN97,0) | HK97: =IFERROR(CC97/BV97,0) | HL97: =IFERROR(CK97/CD97,0) | HM97: =IFERROR(CS97/CL97,0) | HN97: =IFERROR(DA97/CT97,0) | HO97: =IFERROR(DI97/DB97,0) | HP97: =IFERROR(DQ97/DJ97,0) | HQ97: =IFERROR(DY97/DR97,0) | HR97: =IFERROR(EG97/DZ97,0) | HS97: =IFERROR(EO97/EH97,0) | HT97: =IFERROR(EW97/EP97,0) | HU97: =IFERROR(FE97/EX97,0) | HV97: =IFERROR(FM97/FF97,0) | HW97: =IFERROR(FU97/FN97,0) | HX97: =IFERROR(GC97/FV97,0) | HY97: =IFERROR(GK97/GD97,0) | HZ97: =IFERROR(GS97/GL97,0) | IA97: =IFERROR(HA97/GT97,0) | IB97: =I97+Q97+Y97+AG97+AO97+AW97+BE97+BM97+BU97+CC97+CK97+CS97+DA97+DI97+DQ97+DY97+EG97+EO97+EW97+FE97+FM97+FU97+GC97+GK97+GS97+HA97 | IC97: =HB97+HC97+HD97+HE97+HF97+HG97+HH97+HI97+HJ97+HK97+HL97+HM97+HN97+HO97+HP97+HQ97+HR97+HS97+HT97+HU97+HV97+HW97+HX97+HY97+HZ97+IA97
A98: 8 | B98: =IF(8>$B$6+$B$7,$G$7*$B$11^$H$7,$E$7*$B$9^$F$7) | C98: =IF(8=1,0,$B$14) | D98: =-($B$14+(IF(8<=$B$6,$B$13*$B$15+$B$12,IF(8<=$B$6+$B$7,$B$13*$B$15,$B$13)))/B98) | E98: =IF(8=$B$6+$B$7,0,IF(8>$B$6+$B$7,$B$13/B99,IF(8>=$B$6,$B$13*$B$15/B99,($B$13*$B$15+$B$12)/B99))) | F98: =IF(8=$B$6,-$K$7*$B$12,0) | G98: =E98/(D98-C98*G97) | H98: =(F98-C98*H97)/(D98-C98*G97) | I98: =H98-G98*I99 | J98: =IF(8>$B$6+$B$7,$G$8*$B$11^$H$8,$E$8*$B$9^$F$8) | K98: =IF(8=1,0,$B$14) | L98: =-($B$14+(IF(8<=$B$6,$B$13*$B$15+$B$12,IF(8<=$B$6+$B$7,$B$13*$B$15,$B$13)))/J98) | M98: =IF(8=$B$6+$B$7,0,IF(8>$B$6+$B$7,$B$13/J99,IF(8>=$B$6,$B$13*$B$15/J99,($B$13*$B$15+$B$12)/J99))) | N98: =IF(8=$B$6,-$K$8*$B$12,0) | O98: =M98/(L98-K98*O97) | P98: =(N98-K98*P97)/(L98-K98*O97) | Q98: =P98-O98*Q99 | R98: =IF(8>$B$6+$B$7,$G$9*$B$11^$H$9,$E$9*$B$9^$F$9) | S98: =IF(8=1,0,$B$14) | T98: =-($B$14+(IF(8<=$B$6,$B$13*$B$15+$B$12,IF(8<=$B$6+$B$7,$B$13*$B$15,$B$13)))/R98) | U98: =IF(8=$B$6+$B$7,0,IF(8>$B$6+$B$7,$B$13/R99,IF(8>=$B$6,$B$13*$B$15/R99,($B$13*$B$15+$B$12)/R99))) | V98: =IF(8=$B$6,-$K$9*$B$12,0) | W98: =U98/(T98-S98*W97) | X98: =(V98-S98*X97)/(T98-S98*W97) | Y98: =X98-W98*Y99 | Z98: =IF(8>$B$6+$B$7,$G$10*$B$11^$H$10,$E$10*$B$9^$F$10) | AA98: =IF(8=1,0,$B$14) | AB98: =-($B$14+(IF(8<=$B$6,$B$13*$B$15+$B$12,IF(8<=$B$6+$B$7,$B$13*$B$15,$B$13)))/Z98) | AC98: =IF(8=$B$6+$B$7,0,IF(8>$B$6+$B$7,$B$13/Z99,IF(8>=$B$6,$B$13*$B$15/Z99,($B$13*$B$15+$B$12)/Z99))) | AD98: =IF(8=$B$6,-$K$10*$B$12,0) | AE98: =AC98/(AB98-AA98*AE97) | AF98: =(AD98-AA98*AF97)/(AB98-AA98*AE97) | AG98: =AF98-AE98*AG99 | AH98: =IF(8>$B$6+$B$7,$G$11*$B$11^$H$11,$E$11*$B$9^$F$11) | AI98: =IF(8=1,0,$B$14) | AJ98: =-($B$14+(IF(8<=$B$6,$B$13*$B$15+$B$12,IF(8<=$B$6+$B$7,$B$13*$B$15,$B$13)))/AH98) | AK98: =IF(8=$B$6+$B$7,0,IF(8>$B$6+$B$7,$B$13/AH99,IF(8>=$B$6,$B$13*$B$15/AH99,($B$13*$B$15+$B$12)/AH99))) | AL98: =IF(8=$B$6,-$K$11*$B$12,0) | AM98: =AK98/(AJ98-AI98*AM97) | AN98: =(AL98-AI98*AN97)/(AJ98-AI98*AM97) | AO98: =AN98-AM98*AO99 | AP98: =IF(8>$B$6+$B$7,$G$12*$B$11^$H$12,$E$12*$B$9^$F$12) | AQ98: =IF(8=1,0,$B$14) | AR98: =-($B$14+(IF(8<=$B$6,$B$13*$B$15+$B$12,IF(8<=$B$6+$B$7,$B$13*$B$15,$B$13)))/AP98) | AS98: =IF(8=$B$6+$B$7,0,IF(8>$B$6+$B$7,$B$13/AP99,IF(8>=$B$6,$B$13*$B$15/AP99,($B$13*$B$15+$B$12)/AP99))) | AT98: =IF(8=$B$6,-$K$12*$B$12,0) | AU98: =AS98/(AR98-AQ98*AU97) | AV98: =(AT98-AQ98*AV97)/(AR98-AQ98*AU97) | AW98: =AV98-AU98*AW99 | AX98: =IF(8>$B$6+$B$7,$G$13*$B$11^$H$13,$E$13*$B$9^$F$13) | AY98: =IF(8=1,0,$B$14) | AZ98: =-($B$14+(IF(8<=$B$6,$B$13*$B$15+$B$12,IF(8<=$B$6+$B$7,$B$13*$B$15,$B$13)))/AX98) | BA98: =IF(8=$B$6+$B$7,0,IF(8>$B$6+$B$7,$B$13/AX99,IF(8>=$B$6,$B$13*$B$15/AX99,($B$13*$B$15+$B$12)/AX99))) | BB98: =IF(8=$B$6,-$K$13*$B$12,0) | BC98: =BA98/(AZ98-AY98*BC97) | BD98: =(BB98-AY98*BD97)/(AZ98-AY98*BC97) | BE98: =BD98-BC98*BE99 | BF98: =IF(8>$B$6+$B$7,$G$14*$B$11^$H$14,$E$14*$B$9^$F$14) | BG98: =IF(8=1,0,$B$14) | BH98: =-($B$14+(IF(8<=$B$6,$B$13*$B$15+$B$12,IF(8<=$B$6+$B$7,$B$13*$B$15,$B$13)))/BF98) | BI98: =IF(8=$B$6+$B$7,0,IF(8>$B$6+$B$7,$B$13/BF99,IF(8>=$B$6,$B$13*$B$15/BF99,($B$13*$B$15+$B$12)/BF99))) | BJ98: =IF(8=$B$6,-$K$14*$B$12,0) | BK98: =BI98/(BH98-BG98*BK97) | BL98: =(BJ98-BG98*BL97)/(BH98-BG98*BK97) | BM98: =BL98-BK98*BM99 | BN98: =IF(8>$B$6+$B$7,$G$15*$B$11^$H$15,$E$15*$B$9^$F$15) | BO98: =IF(8=1,0,$B$14) | BP98: =-($B$14+(IF(8<=$B$6,$B$13*$B$15+$B$12,IF(8<=$B$6+$B$7,$B$13*$B$15,$B$13)))/BN98) | BQ98: =IF(8=$B$6+$B$7,0,IF(8>$B$6+$B$7,$B$13/BN99,IF(8>=$B$6,$B$13*$B$15/BN99,($B$13*$B$15+$B$12)/BN99))) | BR98: =IF(8=$B$6,-$K$15*$B$12,0) | BS98: =BQ98/(BP98-BO98*BS97) | BT98: =(BR98-BO98*BT97)/(BP98-BO98*BS97) | BU98: =BT98-BS98*BU99 | BV98: =IF(8>$B$6+$B$7,$G$16*$B$11^$H$16,$E$16*$B$9^$F$16) | BW98: =IF(8=1,0,$B$14) | BX98: =-($B$14+(IF(8<=$B$6,$B$13*$B$15+$B$12,IF(8<=$B$6+$B$7,$B$13*$B$15,$B$13)))/BV98) | BY98: =IF(8=$B$6+$B$7,0,IF(8>$B$6+$B$7,$B$13/BV99,IF(8>=$B$6,$B$13*$B$15/BV99,($B$13*$B$15+$B$12)/BV99))) | BZ98: =IF(8=$B$6,-$K$16*$B$12,0) | CA98: =BY98/(BX98-BW98*CA97) | CB98: =(BZ98-BW98*CB97)/(BX98-BW98*CA97) | CC98: =CB98-CA98*CC99 | CD98: =IF(8>$B$6+$B$7,$G$17*$B$11^$H$17,$E$17*$B$9^$F$17) | CE98: =IF(8=1,0,$B$14) | CF98: =-($B$14+(IF(8<=$B$6,$B$13*$B$15+$B$12,IF(8<=$B$6+$B$7,$B$13*$B$15,$B$13)))/CD98) | CG98: =IF(8=$B$6+$B$7,0,IF(8>$B$6+$B$7,$B$13/CD99,IF(8>=$B$6,$B$13*$B$15/CD99,($B$13*$B$15+$B$12)/CD99))) | CH98: =IF(8=$B$6,-$K$17*$B$12,0) | CI98: =CG98/(CF98-CE98*CI97) | CJ98: =(CH98-CE98*CJ97)/(CF98-CE98*CI97) | CK98: =CJ98-CI98*CK99 | CL98: =IF(8>$B$6+$B$7,$G$18*$B$11^$H$18,$E$18*$B$9^$F$18) | CM98: =IF(8=1,0,$B$14) | CN98: =-($B$14+(IF(8<=$B$6,$B$13*$B$15+$B$12,IF(8<=$B$6+$B$7,$B$13*$B$15,$B$13)))/CL98) | CO98: =IF(8=$B$6+$B$7,0,IF(8>$B$6+$B$7,$B$13/CL99,IF(8>=$B$6,$B$13*$B$15/CL99,($B$13*$B$15+$B$12)/CL99))) | CP98: =IF(8=$B$6,-$K$18*$B$12,0) | CQ98: =CO98/(CN98-CM98*CQ97) | CR98: =(CP98-CM98*CR97)/(CN98-CM98*CQ97) | CS98: =CR98-CQ98*CS99 | CT98: =IF(8>$B$6+$B$7,$G$19*$B$11^$H$19,$E$19*$B$9^$F$19) | CU98: =IF(8=1,0,$B$14) | CV98: =-($B$14+(IF(8<=$B$6,$B$13*$B$15+$B$12,IF(8<=$B$6+$B$7,$B$13*$B$15,$B$13)))/CT98) | CW98: =IF(8=$B$6+$B$7,0,IF(8>$B$6+$B$7,$B$13/CT99,IF(8>=$B$6,$B$13*$B$15/CT99,($B$13*$B$15+$B$12)/CT99))) | CX98: =IF(8=$B$6,-$K$19*$B$12,0) | CY98: =CW98/(CV98-CU98*CY97) | CZ98: =(CX98-CU98*CZ97)/(CV98-CU98*CY97) | DA98: =CZ98-CY98*DA99 | DB98: =IF(8>$B$6+$B$7,$G$20*$B$11^$H$20,$E$20*$B$9^$F$20) | DC98: =IF(8=1,0,$B$14) | DD98: =-($B$14+(IF(8<=$B$6,$B$13*$B$15+$B$12,IF(8<=$B$6+$B$7,$B$13*$B$15,$B$13)))/DB98) | DE98: =IF(8=$B$6+$B$7,0,IF(8>$B$6+$B$7,$B$13/DB99,IF(8>=$B$6,$B$13*$B$15/DB99,($B$13*$B$15+$B$12)/DB99))) | DF98: =IF(8=$B$6,-$K$20*$B$12,0) | DG98: =DE98/(DD98-DC98*DG97) | DH98: =(DF98-DC98*DH97)/(DD98-DC98*DG97) | DI98: =DH98-DG98*DI99 | DJ98: =IF(8>$B$6+$B$7,$G$21*$B$11^$H$21,$E$21*$B$9^$F$21) | DK98: =IF(8=1,0,$B$14) | DL98: =-($B$14+(IF(8<=$B$6,$B$13*$B$15+$B$12,IF(8<=$B$6+$B$7,$B$13*$B$15,$B$13)))/DJ98) | DM98: =IF(8=$B$6+$B$7,0,IF(8>$B$6+$B$7,$B$13/DJ99,IF(8>=$B$6,$B$13*$B$15/DJ99,($B$13*$B$15+$B$12)/DJ99))) | DN98: =IF(8=$B$6,-$K$21*$B$12,0) | DO98: =DM98/(DL98-DK98*DO97) | DP98: =(DN98-DK98*DP97)/(DL98-DK98*DO97) | DQ98: =DP98-DO98*DQ99 | DR98: =IF(8>$B$6+$B$7,$G$22*$B$11^$H$22,$E$22*$B$9^$F$22) | DS98: =IF(8=1,0,$B$14) | DT98: =-($B$14+(IF(8<=$B$6,$B$13*$B$15+$B$12,IF(8<=$B$6+$B$7,$B$13*$B$15,$B$13)))/DR98) | DU98: =IF(8=$B$6+$B$7,0,IF(8>$B$6+$B$7,$B$13/DR99,IF(8>=$B$6,$B$13*$B$15/DR99,($B$13*$B$15+$B$12)/DR99))) | DV98: =IF(8=$B$6,-$K$22*$B$12,0) | DW98: =DU98/(DT98-DS98*DW97) | DX98: =(DV98-DS98*DX97)/(DT98-DS98*DW97) | DY98: =DX98-DW98*DY99 | DZ98: =IF(8>$B$6+$B$7,$G$23*$B$11^$H$23,$E$23*$B$9^$F$23) | EA98: =IF(8=1,0,$B$14) | EB98: =-($B$14+(IF(8<=$B$6,$B$13*$B$15+$B$12,IF(8<=$B$6+$B$7,$B$13*$B$15,$B$13)))/DZ98) | EC98: =IF(8=$B$6+$B$7,0,IF(8>$B$6+$B$7,$B$13/DZ99,IF(8>=$B$6,$B$13*$B$15/DZ99,($B$13*$B$15+$B$12)/DZ99))) | ED98: =IF(8=$B$6,-$K$23*$B$12,0) | EE98: =EC98/(EB98-EA98*EE97) | EF98: =(ED98-EA98*EF97)/(EB98-EA98*EE97) | EG98: =EF98-EE98*EG99 | EH98: =IF(8>$B$6+$B$7,$G$24*$B$11^$H$24,$E$24*$B$9^$F$24) | EI98: =IF(8=1,0,$B$14) | EJ98: =-($B$14+(IF(8<=$B$6,$B$13*$B$15+$B$12,IF(8<=$B$6+$B$7,$B$13*$B$15,$B$13)))/EH98) | EK98: =IF(8=$B$6+$B$7,0,IF(8>$B$6+$B$7,$B$13/EH99,IF(8>=$B$6,$B$13*$B$15/EH99,($B$13*$B$15+$B$12)/EH99))) | EL98: =IF(8=$B$6,-$K$24*$B$12,0) | EM98: =EK98/(EJ98-EI98*EM97) | EN98: =(EL98-EI98*EN97)/(EJ98-EI98*EM97) | EO98: =EN98-EM98*EO99 | EP98: =IF(8>$B$6+$B$7,$G$25*$B$11^$H$25,$E$25*$B$9^$F$25) | EQ98: =IF(8=1,0,$B$14) | ER98: =-($B$14+(IF(8<=$B$6,$B$13*$B$15+$B$12,IF(8<=$B$6+$B$7,$B$13*$B$15,$B$13)))/EP98) | ES98: =IF(8=$B$6+$B$7,0,IF(8>$B$6+$B$7,$B$13/EP99,IF(8>=$B$6,$B$13*$B$15/EP99,($B$13*$B$15+$B$12)/EP99))) | ET98: =IF(8=$B$6,-$K$25*$B$12,0) | EU98: =ES98/(ER98-EQ98*EU97) | EV98: =(ET98-EQ98*EV97)/(ER98-EQ98*EU97) | EW98: =EV98-EU98*EW99 | EX98: =IF(8>$B$6+$B$7,$G$26*$B$11^$H$26,$E$26*$B$9^$F$26) | EY98: =IF(8=1,0,$B$14) | EZ98: =-($B$14+(IF(8<=$B$6,$B$13*$B$15+$B$12,IF(8<=$B$6+$B$7,$B$13*$B$15,$B$13)))/EX98) | FA98: =IF(8=$B$6+$B$7,0,IF(8>$B$6+$B$7,$B$13/EX99,IF(8>=$B$6,$B$13*$B$15/EX99,($B$13*$B$15+$B$12)/EX99))) | FB98: =IF(8=$B$6,-$K$26*$B$12,0) | FC98: =FA98/(EZ98-EY98*FC97) | FD98: =(FB98-EY98*FD97)/(EZ98-EY98*FC97) | FE98: =FD98-FC98*FE99 | FF98: =IF(8>$B$6+$B$7,$G$27*$B$11^$H$27,$E$27*$B$9^$F$27) | FG98: =IF(8=1,0,$B$14) | FH98: =-($B$14+(IF(8<=$B$6,$B$13*$B$15+$B$12,IF(8<=$B$6+$B$7,$B$13*$B$15,$B$13)))/FF98) | FI98: =IF(8=$B$6+$B$7,0,IF(8>$B$6+$B$7,$B$13/FF99,IF(8>=$B$6,$B$13*$B$15/FF99,($B$13*$B$15+$B$12)/FF99))) | FJ98: =IF(8=$B$6,-$K$27*$B$12,0) | FK98: =FI98/(FH98-FG98*FK97) | FL98: =(FJ98-FG98*FL97)/(FH98-FG98*FK97) | FM98: =FL98-FK98*FM99 | FN98: =IF(8>$B$6+$B$7,$G$28*$B$11^$H$28,$E$28*$B$9^$F$28) | FO98: =IF(8=1,0,$B$14) | FP98: =-($B$14+(IF(8<=$B$6,$B$13*$B$15+$B$12,IF(8<=$B$6+$B$7,$B$13*$B$15,$B$13)))/FN98) | FQ98: =IF(8=$B$6+$B$7,0,IF(8>$B$6+$B$7,$B$13/FN99,IF(8>=$B$6,$B$13*$B$15/FN99,($B$13*$B$15+$B$12)/FN99))) | FR98: =IF(8=$B$6,-$K$28*$B$12,0) | FS98: =FQ98/(FP98-FO98*FS97) | FT98: =(FR98-FO98*FT97)/(FP98-FO98*FS97) | FU98: =FT98-FS98*FU99 | FV98: =IF(8>$B$6+$B$7,$G$29*$B$11^$H$29,$E$29*$B$9^$F$29) | FW98: =IF(8=1,0,$B$14) | FX98: =-($B$14+(IF(8<=$B$6,$B$13*$B$15+$B$12,IF(8<=$B$6+$B$7,$B$13*$B$15,$B$13)))/FV98) | FY98: =IF(8=$B$6+$B$7,0,IF(8>$B$6+$B$7,$B$13/FV99,IF(8>=$B$6,$B$13*$B$15/FV99,($B$13*$B$15+$B$12)/FV99))) | FZ98: =IF(8=$B$6,-$K$29*$B$12,0) | GA98: =FY98/(FX98-FW98*GA97) | GB98: =(FZ98-FW98*GB97)/(FX98-FW98*GA97) | GC98: =GB98-GA98*GC99 | GD98: =IF(8>$B$6+$B$7,$G$30*$B$11^$H$30,$E$30*$B$9^$F$30) | GE98: =IF(8=1,0,$B$14) | GF98: =-($B$14+(IF(8<=$B$6,$B$13*$B$15+$B$12,IF(8<=$B$6+$B$7,$B$13*$B$15,$B$13)))/GD98) | GG98: =IF(8=$B$6+$B$7,0,IF(8>$B$6+$B$7,$B$13/GD99,IF(8>=$B$6,$B$13*$B$15/GD99,($B$13*$B$15+$B$12)/GD99))) | GH98: =IF(8=$B$6,-$K$30*$B$12,0) | GI98: =GG98/(GF98-GE98*GI97) | GJ98: =(GH98-GE98*GJ97)/(GF98-GE98*GI97) | GK98: =GJ98-GI98*GK99 | GL98: =IF(8>$B$6+$B$7,$G$31*$B$11^$H$31,$E$31*$B$9^$F$31) | GM98: =IF(8=1,0,$B$14) | GN98: =-($B$14+(IF(8<=$B$6,$B$13*$B$15+$B$12,IF(8<=$B$6+$B$7,$B$13*$B$15,$B$13)))/GL98) | GO98: =IF(8=$B$6+$B$7,0,IF(8>$B$6+$B$7,$B$13/GL99,IF(8>=$B$6,$B$13*$B$15/GL99,($B$13*$B$15+$B$12)/GL99))) | GP98: =IF(8=$B$6,-$K$31*$B$12,0) | GQ98: =GO98/(GN98-GM98*GQ97) | GR98: =(GP98-GM98*GR97)/(GN98-GM98*GQ97) | GS98: =GR98-GQ98*GS99 | GT98: =IF(8>$B$6+$B$7,$G$32*$B$11^$H$32,$E$32*$B$9^$F$32) | GU98: =IF(8=1,0,$B$14) | GV98: =-($B$14+(IF(8<=$B$6,$B$13*$B$15+$B$12,IF(8<=$B$6+$B$7,$B$13*$B$15,$B$13)))/GT98) | GW98: =IF(8=$B$6+$B$7,0,IF(8>$B$6+$B$7,$B$13/GT99,IF(8>=$B$6,$B$13*$B$15/GT99,($B$13*$B$15+$B$12)/GT99))) | GX98: =IF(8=$B$6,-$K$32*$B$12,0) | GY98: =GW98/(GV98-GU98*GY97) | GZ98: =(GX98-GU98*GZ97)/(GV98-GU98*GY97) | HA98: =GZ98-GY98*HA99 | HB98: =IFERROR(I98/B98,0) | HC98: =IFERROR(Q98/J98,0) | HD98: =IFERROR(Y98/R98,0) | HE98: =IFERROR(AG98/Z98,0) | HF98: =IFERROR(AO98/AH98,0) | HG98: =IFERROR(AW98/AP98,0) | HH98: =IFERROR(BE98/AX98,0) | HI98: =IFERROR(BM98/BF98,0) | HJ98: =IFERROR(BU98/BN98,0) | HK98: =IFERROR(CC98/BV98,0) | HL98: =IFERROR(CK98/CD98,0) | HM98: =IFERROR(CS98/CL98,0) | HN98: =IFERROR(DA98/CT98,0) | HO98: =IFERROR(DI98/DB98,0) | HP98: =IFERROR(DQ98/DJ98,0) | HQ98: =IFERROR(DY98/DR98,0) | HR98: =IFERROR(EG98/DZ98,0) | HS98: =IFERROR(EO98/EH98,0) | HT98: =IFERROR(EW98/EP98,0) | HU98: =IFERROR(FE98/EX98,0) | HV98: =IFERROR(FM98/FF98,0) | HW98: =IFERROR(FU98/FN98,0) | HX98: =IFERROR(GC98/FV98,0) | HY98: =IFERROR(GK98/GD98,0) | HZ98: =IFERROR(GS98/GL98,0) | IA98: =IFERROR(HA98/GT98,0) | IB98: =I98+Q98+Y98+AG98+AO98+AW98+BE98+BM98+BU98+CC98+CK98+CS98+DA98+DI98+DQ98+DY98+EG98+EO98+EW98+FE98+FM98+FU98+GC98+GK98+GS98+HA98 | IC98: =HB98+HC98+HD98+HE98+HF98+HG98+HH98+HI98+HJ98+HK98+HL98+HM98+HN98+HO98+HP98+HQ98+HR98+HS98+HT98+HU98+HV98+HW98+HX98+HY98+HZ98+IA98
A99: 9 | B99: =IF(9>$B$6+$B$7,$G$7*$B$11^$H$7,$E$7*$B$9^$F$7) | C99: =IF(9=1,0,$B$14) | D99: =-($B$14+(IF(9<=$B$6,$B$13*$B$15+$B$12,IF(9<=$B$6+$B$7,$B$13*$B$15,$B$13)))/B99) | E99: =IF(9=$B$6+$B$7,0,IF(9>$B$6+$B$7,$B$13/B100,IF(9>=$B$6,$B$13*$B$15/B100,($B$13*$B$15+$B$12)/B100))) | F99: =IF(9=$B$6,-$K$7*$B$12,0) | G99: =E99/(D99-C99*G98) | H99: =(F99-C99*H98)/(D99-C99*G98) | I99: =H99-G99*I100 | J99: =IF(9>$B$6+$B$7,$G$8*$B$11^$H$8,$E$8*$B$9^$F$8) | K99: =IF(9=1,0,$B$14) | L99: =-($B$14+(IF(9<=$B$6,$B$13*$B$15+$B$12,IF(9<=$B$6+$B$7,$B$13*$B$15,$B$13)))/J99) | M99: =IF(9=$B$6+$B$7,0,IF(9>$B$6+$B$7,$B$13/J100,IF(9>=$B$6,$B$13*$B$15/J100,($B$13*$B$15+$B$12)/J100))) | N99: =IF(9=$B$6,-$K$8*$B$12,0) | O99: =M99/(L99-K99*O98) | P99: =(N99-K99*P98)/(L99-K99*O98) | Q99: =P99-O99*Q100 | R99: =IF(9>$B$6+$B$7,$G$9*$B$11^$H$9,$E$9*$B$9^$F$9) | S99: =IF(9=1,0,$B$14) | T99: =-($B$14+(IF(9<=$B$6,$B$13*$B$15+$B$12,IF(9<=$B$6+$B$7,$B$13*$B$15,$B$13)))/R99) | U99: =IF(9=$B$6+$B$7,0,IF(9>$B$6+$B$7,$B$13/R100,IF(9>=$B$6,$B$13*$B$15/R100,($B$13*$B$15+$B$12)/R100))) | V99: =IF(9=$B$6,-$K$9*$B$12,0) | W99: =U99/(T99-S99*W98) | X99: =(V99-S99*X98)/(T99-S99*W98) | Y99: =X99-W99*Y100 | Z99: =IF(9>$B$6+$B$7,$G$10*$B$11^$H$10,$E$10*$B$9^$F$10) | AA99: =IF(9=1,0,$B$14) | AB99: =-($B$14+(IF(9<=$B$6,$B$13*$B$15+$B$12,IF(9<=$B$6+$B$7,$B$13*$B$15,$B$13)))/Z99) | AC99: =IF(9=$B$6+$B$7,0,IF(9>$B$6+$B$7,$B$13/Z100,IF(9>=$B$6,$B$13*$B$15/Z100,($B$13*$B$15+$B$12)/Z100))) | AD99: =IF(9=$B$6,-$K$10*$B$12,0) | AE99: =AC99/(AB99-AA99*AE98) | AF99: =(AD99-AA99*AF98)/(AB99-AA99*AE98) | AG99: =AF99-AE99*AG100 | AH99: =IF(9>$B$6+$B$7,$G$11*$B$11^$H$11,$E$11*$B$9^$F$11) | AI99: =IF(9=1,0,$B$14) | AJ99: =-($B$14+(IF(9<=$B$6,$B$13*$B$15+$B$12,IF(9<=$B$6+$B$7,$B$13*$B$15,$B$13)))/AH99) | AK99: =IF(9=$B$6+$B$7,0,IF(9>$B$6+$B$7,$B$13/AH100,IF(9>=$B$6,$B$13*$B$15/AH100,($B$13*$B$15+$B$12)/AH100))) | AL99: =IF(9=$B$6,-$K$11*$B$12,0) | AM99: =AK99/(AJ99-AI99*AM98) | AN99: =(AL99-AI99*AN98)/(AJ99-AI99*AM98) | AO99: =AN99-AM99*AO100 | AP99: =IF(9>$B$6+$B$7,$G$12*$B$11^$H$12,$E$12*$B$9^$F$12) | AQ99: =IF(9=1,0,$B$14) | AR99: =-($B$14+(IF(9<=$B$6,$B$13*$B$15+$B$12,IF(9<=$B$6+$B$7,$B$13*$B$15,$B$13)))/AP99) | AS99: =IF(9=$B$6+$B$7,0,IF(9>$B$6+$B$7,$B$13/AP100,IF(9>=$B$6,$B$13*$B$15/AP100,($B$13*$B$15+$B$12)/AP100))) | AT99: =IF(9=$B$6,-$K$12*$B$12,0) | AU99: =AS99/(AR99-AQ99*AU98) | AV99: =(AT99-AQ99*AV98)/(AR99-AQ99*AU98) | AW99: =AV99-AU99*AW100 | AX99: =IF(9>$B$6+$B$7,$G$13*$B$11^$H$13,$E$13*$B$9^$F$13) | AY99: =IF(9=1,0,$B$14) | AZ99: =-($B$14+(IF(9<=$B$6,$B$13*$B$15+$B$12,IF(9<=$B$6+$B$7,$B$13*$B$15,$B$13)))/AX99) | BA99: =IF(9=$B$6+$B$7,0,IF(9>$B$6+$B$7,$B$13/AX100,IF(9>=$B$6,$B$13*$B$15/AX100,($B$13*$B$15+$B$12)/AX100))) | BB99: =IF(9=$B$6,-$K$13*$B$12,0) | BC99: =BA99/(AZ99-AY99*BC98) | BD99: =(BB99-AY99*BD98)/(AZ99-AY99*BC98) | BE99: =BD99-BC99*BE100 | BF99: =IF(9>$B$6+$B$7,$G$14*$B$11^$H$14,$E$14*$B$9^$F$14) | BG99: =IF(9=1,0,$B$14) | BH99: =-($B$14+(IF(9<=$B$6,$B$13*$B$15+$B$12,IF(9<=$B$6+$B$7,$B$13*$B$15,$B$13)))/BF99) | BI99: =IF(9=$B$6+$B$7,0,IF(9>$B$6+$B$7,$B$13/BF100,IF(9>=$B$6,$B$13*$B$15/BF100,($B$13*$B$15+$B$12)/BF100))) | BJ99: =IF(9=$B$6,-$K$14*$B$12,0) | BK99: =BI99/(BH99-BG99*BK98) | BL99: =(BJ99-BG99*BL98)/(BH99-BG99*BK98) | BM99: =BL99-BK99*BM100 | BN99: =IF(9>$B$6+$B$7,$G$15*$B$11^$H$15,$E$15*$B$9^$F$15) | BO99: =IF(9=1,0,$B$14) | BP99: =-($B$14+(IF(9<=$B$6,$B$13*$B$15+$B$12,IF(9<=$B$6+$B$7,$B$13*$B$15,$B$13)))/BN99) | BQ99: =IF(9=$B$6+$B$7,0,IF(9>$B$6+$B$7,$B$13/BN100,IF(9>=$B$6,$B$13*$B$15/BN100,($B$13*$B$15+$B$12)/BN100))) | BR99: =IF(9=$B$6,-$K$15*$B$12,0) | BS99: =BQ99/(BP99-BO99*BS98) | BT99: =(BR99-BO99*BT98)/(BP99-BO99*BS98) | BU99: =BT99-BS99*BU100 | BV99: =IF(9>$B$6+$B$7,$G$16*$B$11^$H$16,$E$16*$B$9^$F$16) | BW99: =IF(9=1,0,$B$14) | BX99: =-($B$14+(IF(9<=$B$6,$B$13*$B$15+$B$12,IF(9<=$B$6+$B$7,$B$13*$B$15,$B$13)))/BV99) | BY99: =IF(9=$B$6+$B$7,0,IF(9>$B$6+$B$7,$B$13/BV100,IF(9>=$B$6,$B$13*$B$15/BV100,($B$13*$B$15+$B$12)/BV100))) | BZ99: =IF(9=$B$6,-$K$16*$B$12,0) | CA99: =BY99/(BX99-BW99*CA98) | CB99: =(BZ99-BW99*CB98)/(BX99-BW99*CA98) | CC99: =CB99-CA99*CC100 | CD99: =IF(9>$B$6+$B$7,$G$17*$B$11^$H$17,$E$17*$B$9^$F$17) | CE99: =IF(9=1,0,$B$14) | CF99: =-($B$14+(IF(9<=$B$6,$B$13*$B$15+$B$12,IF(9<=$B$6+$B$7,$B$13*$B$15,$B$13)))/CD99) | CG99: =IF(9=$B$6+$B$7,0,IF(9>$B$6+$B$7,$B$13/CD100,IF(9>=$B$6,$B$13*$B$15/CD100,($B$13*$B$15+$B$12)/CD100))) | CH99: =IF(9=$B$6,-$K$17*$B$12,0) | CI99: =CG99/(CF99-CE99*CI98) | CJ99: =(CH99-CE99*CJ98)/(CF99-CE99*CI98) | CK99: =CJ99-CI99*CK100 | CL99: =IF(9>$B$6+$B$7,$G$18*$B$11^$H$18,$E$18*$B$9^$F$18) | CM99: =IF(9=1,0,$B$14) | CN99: =-($B$14+(IF(9<=$B$6,$B$13*$B$15+$B$12,IF(9<=$B$6+$B$7,$B$13*$B$15,$B$13)))/CL99) | CO99: =IF(9=$B$6+$B$7,0,IF(9>$B$6+$B$7,$B$13/CL100,IF(9>=$B$6,$B$13*$B$15/CL100,($B$13*$B$15+$B$12)/CL100))) | CP99: =IF(9=$B$6,-$K$18*$B$12,0) | CQ99: =CO99/(CN99-CM99*CQ98) | CR99: =(CP99-CM99*CR98)/(CN99-CM99*CQ98) | CS99: =CR99-CQ99*CS100 | CT99: =IF(9>$B$6+$B$7,$G$19*$B$11^$H$19,$E$19*$B$9^$F$19) | CU99: =IF(9=1,0,$B$14) | CV99: =-($B$14+(IF(9<=$B$6,$B$13*$B$15+$B$12,IF(9<=$B$6+$B$7,$B$13*$B$15,$B$13)))/CT99) | CW99: =IF(9=$B$6+$B$7,0,IF(9>$B$6+$B$7,$B$13/CT100,IF(9>=$B$6,$B$13*$B$15/CT100,($B$13*$B$15+$B$12)/CT100))) | CX99: =IF(9=$B$6,-$K$19*$B$12,0) | CY99: =CW99/(CV99-CU99*CY98) | CZ99: =(CX99-CU99*CZ98)/(CV99-CU99*CY98) | DA99: =CZ99-CY99*DA100 | DB99: =IF(9>$B$6+$B$7,$G$20*$B$11^$H$20,$E$20*$B$9^$F$20) | DC99: =IF(9=1,0,$B$14) | DD99: =-($B$14+(IF(9<=$B$6,$B$13*$B$15+$B$12,IF(9<=$B$6+$B$7,$B$13*$B$15,$B$13)))/DB99) | DE99: =IF(9=$B$6+$B$7,0,IF(9>$B$6+$B$7,$B$13/DB100,IF(9>=$B$6,$B$13*$B$15/DB100,($B$13*$B$15+$B$12)/DB100))) | DF99: =IF(9=$B$6,-$K$20*$B$12,0) | DG99: =DE99/(DD99-DC99*DG98) | DH99: =(DF99-DC99*DH98)/(DD99-DC99*DG98) | DI99: =DH99-DG99*DI100 | DJ99: =IF(9>$B$6+$B$7,$G$21*$B$11^$H$21,$E$21*$B$9^$F$21) | DK99: =IF(9=1,0,$B$14) | DL99: =-($B$14+(IF(9<=$B$6,$B$13*$B$15+$B$12,IF(9<=$B$6+$B$7,$B$13*$B$15,$B$13)))/DJ99) | DM99: =IF(9=$B$6+$B$7,0,IF(9>$B$6+$B$7,$B$13/DJ100,IF(9>=$B$6,$B$13*$B$15/DJ100,($B$13*$B$15+$B$12)/DJ100))) | DN99: =IF(9=$B$6,-$K$21*$B$12,0) | DO99: =DM99/(DL99-DK99*DO98) | DP99: =(DN99-DK99*DP98)/(DL99-DK99*DO98) | DQ99: =DP99-DO99*DQ100 | DR99: =IF(9>$B$6+$B$7,$G$22*$B$11^$H$22,$E$22*$B$9^$F$22) | DS99: =IF(9=1,0,$B$14) | DT99: =-($B$14+(IF(9<=$B$6,$B$13*$B$15+$B$12,IF(9<=$B$6+$B$7,$B$13*$B$15,$B$13)))/DR99) | DU99: =IF(9=$B$6+$B$7,0,IF(9>$B$6+$B$7,$B$13/DR100,IF(9>=$B$6,$B$13*$B$15/DR100,($B$13*$B$15+$B$12)/DR100))) | DV99: =IF(9=$B$6,-$K$22*$B$12,0) | DW99: =DU99/(DT99-DS99*DW98) | DX99: =(DV99-DS99*DX98)/(DT99-DS99*DW98) | DY99: =DX99-DW99*DY100 | DZ99: =IF(9>$B$6+$B$7,$G$23*$B$11^$H$23,$E$23*$B$9^$F$23) | EA99: =IF(9=1,0,$B$14) | EB99: =-($B$14+(IF(9<=$B$6,$B$13*$B$15+$B$12,IF(9<=$B$6+$B$7,$B$13*$B$15,$B$13)))/DZ99) | EC99: =IF(9=$B$6+$B$7,0,IF(9>$B$6+$B$7,$B$13/DZ100,IF(9>=$B$6,$B$13*$B$15/DZ100,($B$13*$B$15+$B$12)/DZ100))) | ED99: =IF(9=$B$6,-$K$23*$B$12,0) | EE99: =EC99/(EB99-EA99*EE98) | EF99: =(ED99-EA99*EF98)/(EB99-EA99*EE98) | EG99: =EF99-EE99*EG100 | EH99: =IF(9>$B$6+$B$7,$G$24*$B$11^$H$24,$E$24*$B$9^$F$24) | EI99: =IF(9=1,0,$B$14) | EJ99: =-($B$14+(IF(9<=$B$6,$B$13*$B$15+$B$12,IF(9<=$B$6+$B$7,$B$13*$B$15,$B$13)))/EH99) | EK99: =IF(9=$B$6+$B$7,0,IF(9>$B$6+$B$7,$B$13/EH100,IF(9>=$B$6,$B$13*$B$15/EH100,($B$13*$B$15+$B$12)/EH100))) | EL99: =IF(9=$B$6,-$K$24*$B$12,0) | EM99: =EK99/(EJ99-EI99*EM98) | EN99: =(EL99-EI99*EN98)/(EJ99-EI99*EM98) | EO99: =EN99-EM99*EO100 | EP99: =IF(9>$B$6+$B$7,$G$25*$B$11^$H$25,$E$25*$B$9^$F$25) | EQ99: =IF(9=1,0,$B$14) | ER99: =-($B$14+(IF(9<=$B$6,$B$13*$B$15+$B$12,IF(9<=$B$6+$B$7,$B$13*$B$15,$B$13)))/EP99) | ES99: =IF(9=$B$6+$B$7,0,IF(9>$B$6+$B$7,$B$13/EP100,IF(9>=$B$6,$B$13*$B$15/EP100,($B$13*$B$15+$B$12)/EP100))) | ET99: =IF(9=$B$6,-$K$25*$B$12,0) | EU99: =ES99/(ER99-EQ99*EU98) | EV99: =(ET99-EQ99*EV98)/(ER99-EQ99*EU98) | EW99: =EV99-EU99*EW100 | EX99: =IF(9>$B$6+$B$7,$G$26*$B$11^$H$26,$E$26*$B$9^$F$26) | EY99: =IF(9=1,0,$B$14) | EZ99: =-($B$14+(IF(9<=$B$6,$B$13*$B$15+$B$12,IF(9<=$B$6+$B$7,$B$13*$B$15,$B$13)))/EX99) | FA99: =IF(9=$B$6+$B$7,0,IF(9>$B$6+$B$7,$B$13/EX100,IF(9>=$B$6,$B$13*$B$15/EX100,($B$13*$B$15+$B$12)/EX100))) | FB99: =IF(9=$B$6,-$K$26*$B$12,0) | FC99: =FA99/(EZ99-EY99*FC98) | FD99: =(FB99-EY99*FD98)/(EZ99-EY99*FC98) | FE99: =FD99-FC99*FE100 | FF99: =IF(9>$B$6+$B$7,$G$27*$B$11^$H$27,$E$27*$B$9^$F$27) | FG99: =IF(9=1,0,$B$14) | FH99: =-($B$14+(IF(9<=$B$6,$B$13*$B$15+$B$12,IF(9<=$B$6+$B$7,$B$13*$B$15,$B$13)))/FF99) | FI99: =IF(9=$B$6+$B$7,0,IF(9>$B$6+$B$7,$B$13/FF100,IF(9>=$B$6,$B$13*$B$15/FF100,($B$13*$B$15+$B$12)/FF100))) | FJ99: =IF(9=$B$6,-$K$27*$B$12,0) | FK99: =FI99/(FH99-FG99*FK98) | FL99: =(FJ99-FG99*FL98)/(FH99-FG99*FK98) | FM99: =FL99-FK99*FM100 | FN99: =IF(9>$B$6+$B$7,$G$28*$B$11^$H$28,$E$28*$B$9^$F$28) | FO99: =IF(9=1,0,$B$14) | FP99: =-($B$14+(IF(9<=$B$6,$B$13*$B$15+$B$12,IF(9<=$B$6+$B$7,$B$13*$B$15,$B$13)))/FN99) | FQ99: =IF(9=$B$6+$B$7,0,IF(9>$B$6+$B$7,$B$13/FN100,IF(9>=$B$6,$B$13*$B$15/FN100,($B$13*$B$15+$B$12)/FN100))) | FR99: =IF(9=$B$6,-$K$28*$B$12,0) | FS99: =FQ99/(FP99-FO99*FS98) | FT99: =(FR99-FO99*FT98)/(FP99-FO99*FS98) | FU99: =FT99-FS99*FU100 | FV99: =IF(9>$B$6+$B$7,$G$29*$B$11^$H$29,$E$29*$B$9^$F$29) | FW99: =IF(9=1,0,$B$14) | FX99: =-($B$14+(IF(9<=$B$6,$B$13*$B$15+$B$12,IF(9<=$B$6+$B$7,$B$13*$B$15,$B$13)))/FV99) | FY99: =IF(9=$B$6+$B$7,0,IF(9>$B$6+$B$7,$B$13/FV100,IF(9>=$B$6,$B$13*$B$15/FV100,($B$13*$B$15+$B$12)/FV100))) | FZ99: =IF(9=$B$6,-$K$29*$B$12,0) | GA99: =FY99/(FX99-FW99*GA98) | GB99: =(FZ99-FW99*GB98)/(FX99-FW99*GA98) | GC99: =GB99-GA99*GC100 | GD99: =IF(9>$B$6+$B$7,$G$30*$B$11^$H$30,$E$30*$B$9^$F$30) | GE99: =IF(9=1,0,$B$14) | GF99: =-($B$14+(IF(9<=$B$6,$B$13*$B$15+$B$12,IF(9<=$B$6+$B$7,$B$13*$B$15,$B$13)))/GD99) | GG99: =IF(9=$B$6+$B$7,0,IF(9>$B$6+$B$7,$B$13/GD100,IF(9>=$B$6,$B$13*$B$15/GD100,($B$13*$B$15+$B$12)/GD100))) | GH99: =IF(9=$B$6,-$K$30*$B$12,0) | GI99: =GG99/(GF99-GE99*GI98) | GJ99: =(GH99-GE99*GJ98)/(GF99-GE99*GI98) | GK99: =GJ99-GI99*GK100 | GL99: =IF(9>$B$6+$B$7,$G$31*$B$11^$H$31,$E$31*$B$9^$F$31) | GM99: =IF(9=1,0,$B$14) | GN99: =-($B$14+(IF(9<=$B$6,$B$13*$B$15+$B$12,IF(9<=$B$6+$B$7,$B$13*$B$15,$B$13)))/GL99) | GO99: =IF(9=$B$6+$B$7,0,IF(9>$B$6+$B$7,$B$13/GL100,IF(9>=$B$6,$B$13*$B$15/GL100,($B$13*$B$15+$B$12)/GL100))) | GP99: =IF(9=$B$6,-$K$31*$B$12,0) | GQ99: =GO99/(GN99-GM99*GQ98) | GR99: =(GP99-GM99*GR98)/(GN99-GM99*GQ98) | GS99: =GR99-GQ99*GS100 | GT99: =IF(9>$B$6+$B$7,$G$32*$B$11^$H$32,$E$32*$B$9^$F$32) | GU99: =IF(9=1,0,$B$14) | GV99: =-($B$14+(IF(9<=$B$6,$B$13*$B$15+$B$12,IF(9<=$B$6+$B$7,$B$13*$B$15,$B$13)))/GT99) | GW99: =IF(9=$B$6+$B$7,0,IF(9>$B$6+$B$7,$B$13/GT100,IF(9>=$B$6,$B$13*$B$15/GT100,($B$13*$B$15+$B$12)/GT100))) | GX99: =IF(9=$B$6,-$K$32*$B$12,0) | GY99: =GW99/(GV99-GU99*GY98) | GZ99: =(GX99-GU99*GZ98)/(GV99-GU99*GY98) | HA99: =GZ99-GY99*HA100 | HB99: =IFERROR(I99/B99,0) | HC99: =IFERROR(Q99/J99,0) | HD99: =IFERROR(Y99/R99,0) | HE99: =IFERROR(AG99/Z99,0) | HF99: =IFERROR(AO99/AH99,0) | HG99: =IFERROR(AW99/AP99,0) | HH99: =IFERROR(BE99/AX99,0) | HI99: =IFERROR(BM99/BF99,0) | HJ99: =IFERROR(BU99/BN99,0) | HK99: =IFERROR(CC99/BV99,0) | HL99: =IFERROR(CK99/CD99,0) | HM99: =IFERROR(CS99/CL99,0) | HN99: =IFERROR(DA99/CT99,0) | HO99: =IFERROR(DI99/DB99,0) | HP99: =IFERROR(DQ99/DJ99,0) | HQ99: =IFERROR(DY99/DR99,0) | HR99: =IFERROR(EG99/DZ99,0) | HS99: =IFERROR(EO99/EH99,0) | HT99: =IFERROR(EW99/EP99,0) | HU99: =IFERROR(FE99/EX99,0) | HV99: =IFERROR(FM99/FF99,0) | HW99: =IFERROR(FU99/FN99,0) | HX99: =IFERROR(GC99/FV99,0) | HY99: =IFERROR(GK99/GD99,0) | HZ99: =IFERROR(GS99/GL99,0) | IA99: =IFERROR(HA99/GT99,0) | IB99: =I99+Q99+Y99+AG99+AO99+AW99+BE99+BM99+BU99+CC99+CK99+CS99+DA99+DI99+DQ99+DY99+EG99+EO99+EW99+FE99+FM99+FU99+GC99+GK99+GS99+HA99 | IC99: =HB99+HC99+HD99+HE99+HF99+HG99+HH99+HI99+HJ99+HK99+HL99+HM99+HN99+HO99+HP99+HQ99+HR99+HS99+HT99+HU99+HV99+HW99+HX99+HY99+HZ99+IA99
